TimeStamp,Name,CPU_CORES,CPU_CORES_LOG,CPU_FREQ,RAM_TOTAL_GB,RAM_AV_GB,RAM_USED_GB,SWAP_TOTAL_GB,SWAP_USED_GB,CPU%,RAM%,RC,WC,RB,WB,dt,accuracy,precision,recall,f1
23:10:31:10:31:12,SS_ResNet50,2,2,2808.002,3.82,1.71,1.76,0.95,0.0,72.57377049180329,56.10327868852463,4.852459016393443,7.409836065573771,451768.65573770495,47406.16393442623,6.099999999999994,0.6,1.0,0.6,0.6799999999999999
23:10:31:10:31:19,SS_ResNet50,2,2,2808.002,3.82,1.68,1.8,0.95,0.0,74.16542056074763,55.96728971962624,3.88785046728972,4.514018691588785,320483.2897196262,29093.08411214953,4.6,0.85,1.0,0.85,0.8666666666666666
23:10:31:10:31:25,SS_ResNet50,2,2,2808.002,3.82,1.59,1.9,0.95,0.0,74.8532894736842,56.70131578947371,3.0,3.1907894736842106,263976.4210526316,20533.894736842107,4.5,0.8,1.0,0.8,0.8366666666666667
23:10:31:10:31:32,SS_ResNet50,2,2,2808.002,3.82,1.47,2.02,0.95,0.0,75.25333333333332,57.77897435897439,84.0923076923077,20.13846153846153,5558755.117948718,141658.5846153846,4.300000000000001,0.65,1.0,0.65,0.7491666666666668
23:10:31:10:31:41,SS_ResNet50,2,2,2808.002,3.82,1.64,1.86,0.95,0.0,76.54980237154156,57.85138339920952,128.9090909090909,30.031620553359684,8443879.71541502,212571.0671936759,5.799999999999995,0.6,1.0,0.6,0.655
23:10:31:10:31:48,SS_ResNet50,2,2,2808.002,3.82,1.53,1.96,0.95,0.0,76.38367346938783,58.33707482993198,111.06802721088437,25.843537414965983,7289876.897959184,182926.80272108843,4.100000000000001,0.8,1.0,0.8,0.8566666666666667
23:10:31:10:31:54,SS_ResNet50,2,2,2808.002,3.82,1.41,2.08,0.95,0.0,76.0824925816025,58.91127596439157,97.02077151335313,22.63798219584569,6374737.2818991095,160193.70919881307,4.300000000000001,0.6,1.0,0.6,0.6847619047619047
23:10:31:10:32:02,SS_ResNet50,2,2,2808.002,3.82,1.61,1.89,0.95,0.0,75.9796344647521,59.107310704960746,85.46736292428199,20.16187989556136,5624973.70234987,142900.13577023498,4.6,0.75,0.9333333333333332,0.75,0.7733333333333333
23:10:31:10:32:09,SS_ResNet50,2,2,2808.002,3.82,1.52,1.98,0.95,0.0,75.77605633802834,59.223004694835545,76.93427230046949,18.173708920187792,5074463.248826291,128783.62441314556,4.300000000000001,0.7,1.0,0.7,0.7366666666666667
23:10:31:10:32:15,SS_ResNet50,2,2,2808.002,3.82,1.4,2.1,0.95,0.0,75.65961538461553,59.59572649572637,105.97435897435898,25.324786324786324,6938326.427350427,180153.9829059829,4.200000000000001,0.7,1.0,0.7,0.7793939393939394
23:10:31:10:32:22,SS_ResNet50,2,2,2808.002,3.82,1.57,1.94,0.95,0.0,75.46887159533084,59.92626459143956,96.568093385214,23.25875486381323,6329563.143968872,165210.64591439688,4.6,0.85,1.0,0.85,0.8914285714285715
23:10:31:10:32:29,SS_ResNet50,2,2,2808.002,3.82,1.48,2.02,0.95,0.0,75.49118705035977,60.01366906474811,89.41007194244604,21.58093525179856,5862481.035971223,153231.654676259,4.200000000000001,0.8,1.0,0.8,0.8
23:10:31:10:32:35,SS_ResNet50,2,2,2808.002,3.82,1.38,2.12,0.95,0.0,75.38664440734563,60.41485809682801,83.0550918196995,20.031719532554256,5450620.367278798,142231.71953255427,4.300000000000001,0.8,1.0,0.8,0.8464285714285715
23:10:31:10:32:42,SS_ResNet50,2,2,2808.002,3.82,1.56,1.94,0.95,0.0,75.29395348837208,60.84511627906981,77.1937984496124,18.64031007751938,5070454.275968992,132329.37674418604,4.6,0.75,1.0,0.75,0.795
23:10:31:10:32:49,SS_ResNet50,2,2,2808.002,3.82,1.43,2.08,0.95,0.0,74.99898403483303,60.95312046444134,72.31640058055153,17.449927431059507,4754843.680696662,123878.7343976778,4.4,0.7,0.95,0.7,0.795
23:10:31:10:32:56,SS_ResNet50,2,2,2808.002,3.82,1.32,2.18,0.95,0.0,74.98526603001353,61.192905866303015,68.0300136425648,16.433833560709413,4479213.489768077,116643.79809004092,4.4,0.65,1.0,0.65,0.6666666666666666
23:10:31:10:33:03,SS_ResNet50,2,2,2808.002,3.82,1.21,2.3,0.95,0.0,74.9652118100127,61.6207958921696,64.1168164313222,15.53658536585366,4225988.847240051,110197.648267009,4.6,0.7,1.0,0.7,0.725
23:10:31:10:33:10,SS_ResNet50,2,2,2808.002,3.82,1.42,2.08,0.95,0.0,74.88713592232995,61.8043689320389,81.5121359223301,20.51456310679612,5373504.621359224,146153.63106796116,4.5,0.65,1.0,0.65,0.7375
23:10:31:10:33:16,SS_ResNet50,2,2,2808.002,3.82,1.31,2.2,0.95,0.0,74.91530494821619,62.01898734177215,77.33716915995397,19.45224395857307,5102946.688147296,138585.26121979285,4.5,0.9,1.0,0.9,0.9214285714285716
23:10:31:10:33:23,SS_ResNet50,2,2,2808.002,3.82,1.19,2.31,0.95,0.0,74.91840087623198,62.405585980284776,73.64512595837897,18.5421686746988,4861462.992332968,132085.90580503835,4.4,0.7,1.0,0.7,0.75
23:10:31:10:33:30,SS_ResNet50,2,2,2808.002,3.82,1.51,2.0,0.95,0.0,74.69227557411247,62.31784968684764,70.25991649269311,17.673277661795407,4639305.753653444,125890.00417536536,4.5,0.9,1.0,0.9,0.938095238095238
23:10:31:10:33:37,SS_ResNet50,2,2,2808.002,3.82,1.4,2.1,0.95,0.0,74.65633100697872,62.37966101694921,67.14356929212363,17.04087736789631,4436012.921236292,121058.6480558325,4.5,0.8,1.0,0.8,0.8533333333333333
23:10:31:10:33:43,SS_ResNet50,2,2,2808.002,3.82,1.28,2.22,0.95,0.0,74.59493791786018,62.55386819484245,64.35625596943649,16.340019102196752,4254942.013371537,116065.06972301815,4.4,0.8,1.0,0.8,0.8300000000000001
23:10:31:10:33:50,SS_ResNet50,2,2,2808.002,3.82,1.46,2.05,0.95,0.0,74.43864468864426,62.51373626373626,77.70421245421245,20.446886446886445,5148356.923076923,146075.663003663,4.5,0.75,1.0,0.75,0.8505494505494505
23:10:31:10:33:57,SS_ResNet50,2,2,2808.002,3.82,1.38,2.12,0.95,0.0,74.40361233480128,62.62519823788548,90.18590308370044,24.297797356828195,5987615.802643172,174341.6387665198,4.300000000000001,0.65,1.0,0.65,0.7614285714285713
23:10:31:10:34:03,SS_ResNet50,2,2,2808.002,3.82,1.25,2.25,0.95,0.0,74.35823429541547,62.80271646859086,86.92444821731749,23.43378607809847,5774136.067911714,168130.71646859084,4.300000000000001,0.6,1.0,0.6,0.6714285714285715
23:10:31:10:34:11,SS_ResNet50,2,2,2808.002,3.82,1.46,2.05,0.95,0.0,74.33570261437855,62.77434640522883,83.68709150326798,22.67238562091504,5560279.843137255,162414.431372549,4.6,0.8,0.975,0.8,0.8083333333333332
23:10:31:10:34:17,SS_ResNet50,2,2,2808.002,3.82,1.34,2.16,0.95,0.0,74.3229495268133,62.8434542586752,94.69006309148266,26.28470031545741,6307497.589905363,188978.0694006309,4.4,0.8,1.0,0.8,0.8747619047619046
23:10:31:10:34:24,SS_ResNet50,2,2,2808.002,3.82,1.21,2.29,0.95,0.0,74.29946727549408,63.03318112633194,91.4041095890411,25.36453576864536,6091113.595129376,182362.398782344,4.6,0.75,1.0,0.75,0.812857142857143
23:10:31:10:34:31,SS_ResNet50,2,2,2808.002,3.82,1.33,2.18,0.95,0.0,74.235735294117,63.18183823529425,88.3389705882353,24.523529411764702,5889222.7764705885,176302.68235294116,4.6,0.7,0.9333333333333332,0.7,0.7771428571428572
23:10:31:10:34:38,SS_ResNet50,2,2,2808.002,3.82,1.2,2.31,0.95,0.0,74.20341880341816,63.35078347578362,85.59615384615384,23.767806267806268,5708021.05982906,170859.2136752137,4.4,0.8,1.0,0.8,0.8630952380952381
23:10:31:10:34:45,SS_ResNet50,2,2,2808.002,3.82,1.06,2.43,0.95,0.0,74.23577854671214,63.6352941176473,95.4885813148789,27.16470588235294,6387934.516262976,196012.73356401385,4.100000000000001,0.8,1.0,0.8,0.838095238095238
23:10:31:10:34:52,SS_ResNet50,2,2,2808.002,3.82,1.4,2.11,0.95,0.0,74.09155495978486,63.615013404825966,92.50335120643432,26.31836461126005,6190384.72922252,190019.2600536193,4.699999999999999,0.8,1.0,0.8,0.8414285714285714
23:10:31:10:34:59,SS_ResNet50,2,2,2808.002,3.82,1.28,2.22,0.95,0.0,74.12335290280427,63.69575994781496,90.05283757338552,25.6692759295499,6028013.463796478,185284.55055446835,4.100000000000001,0.8,1.0,0.8,0.8761904761904763
23:10:31:10:35:05,SS_ResNet50,2,2,2808.002,3.82,1.17,2.33,0.95,0.0,74.08909321496444,63.8501585288524,87.56182625237793,24.96448953709575,5862298.054533925,180156.46924540267,4.4,0.75,1.0,0.75,0.8216666666666665
23:10:31:10:35:12,SS_ResNet50,2,2,2808.002,3.82,1.38,2.13,0.95,0.0,74.07965474722495,63.85542540073997,85.15721331689272,24.301479654747222,5703490.604192355,175350.21454993833,4.5,0.65,1.0,0.65,0.7514285714285714
23:10:31:10:35:19,SS_ResNet50,2,2,2808.002,3.82,1.27,2.23,0.95,0.0,74.07569027610973,63.97965186074447,93.70048019207682,27.39015606242497,6298467.879951981,198717.4645858344,4.4,0.7,1.0,0.7,0.7664285714285715
23:10:31:10:35:26,SS_ResNet50,2,2,2808.002,3.82,1.36,2.15,0.95,0.0,74.0550817757002,64.11191588785063,91.20268691588784,26.66939252336449,6132157.009345794,193478.57943925232,4.6,0.8,0.96,0.8,0.7977777777777778
23:10:31:10:35:33,SS_ResNet50,2,2,2808.002,3.82,1.23,2.28,0.95,0.0,74.0513083048912,64.21410693970435,88.83447098976109,25.971558589306028,5974120.846416382,188416.0,4.6,0.6,1.0,0.6,0.6892857142857143
23:10:31:10:35:39,SS_ResNet50,2,2,2808.002,3.82,1.13,2.37,0.95,0.0,74.06163242642909,64.35657967795682,96.75569128262076,28.97834536368684,6529210.4919489175,211213.5036091061,4.300000000000001,0.7,1.0,0.7,0.7680952380952382
23:10:31:10:35:46,SS_ResNet50,2,2,2808.002,3.82,1.0,2.5,0.95,0.0,74.05278830535941,64.5963724959395,94.36437466161344,28.639415268002164,6369366.488359502,209049.01786681105,4.6,0.75,1.0,0.75,0.8033333333333333
23:10:31:10:35:53,SS_ResNet50,2,2,2808.002,3.82,1.31,2.19,0.95,0.0,74.0351108764514,64.66705385427682,92.0427666314678,28.01319957761352,6214280.78563886,204285.29672650475,4.699999999999999,0.75,0.975,0.75,0.8047619047619048
23:10:31:10:36:00,SS_ResNet50,2,2,2808.002,3.82,1.2,2.31,0.95,0.0,74.0306859205771,64.75899948427039,89.92212480660135,27.392986075296545,6072118.263022176,199747.06962351728,4.5,0.9,1.0,0.9,0.92
23:10:31:10:36:07,SS_ResNet50,2,2,2808.002,3.82,1.08,2.42,0.95,0.0,74.05357862903176,64.95307459677429,87.90272177419355,26.78477822580645,5937164.387096774,195303.2258064516,4.5,0.8,1.0,0.8,0.8714285714285713
23:10:31:10:36:14,SS_ResNet50,2,2,2808.002,3.82,1.28,2.22,0.95,0.0,74.06330049261041,64.98024630541877,85.92463054187192,26.186206896551724,5804560.646305419,190930.09655172413,4.6,0.7,1.0,0.7,0.7333333333333333
23:10:31:10:36:21,SS_ResNet50,2,2,2808.002,3.82,1.18,2.32,0.95,0.0,74.08847637415586,65.07700096432032,84.11427193828351,25.64079074252652,5683047.930568949,186942.70395371263,4.4,0.65,1.0,0.65,0.7057142857142857
23:10:31:10:36:28,SS_ResNet50,2,2,2808.002,3.82,1.07,2.43,0.95,0.0,74.07773584905625,65.22721698113217,82.30424528301887,25.14858490566038,5561753.6,183210.9886792453,4.6,0.55,0.8,0.55,0.77
23:10:31:10:36:35,SS_ResNet50,2,2,2808.002,3.82,1.16,2.34,0.95,0.0,74.11204430087648,65.32371942778053,80.53299492385787,24.613290263036458,5442931.891093678,179297.81633594833,4.699999999999999,0.65,1.0,0.65,0.7449999999999999
23:10:31:10:36:41,SS_ResNet50,2,2,2808.002,3.82,1.03,2.46,0.95,0.0,74.12435491172447,65.50353100950673,79.01448619284744,24.150746944318698,5341551.138071526,175925.8886373925,4.200000000000001,0.7,1.0,0.7,0.8011904761904762
23:10:31:10:36:48,SS_ResNet50,2,2,2808.002,3.82,0.93,2.57,0.95,0.0,74.11904973356988,65.69347246891672,77.51909413854352,23.69982238010657,5241748.689165186,172632.21314387213,4.300000000000001,0.65,1.0,0.65,0.6666666666666666
23:10:31:10:47:03,SS_ResNet50,1,1,2808.002,1.92,0.45,1.24,0.95,0.51,79.72333333333331,78.08000000000001,13.141666666666667,20.275,493525.3333333333,156672.0,11.999999999999972,0.8,0.95,0.8,0.875
23:10:31:10:47:19,SS_ResNet50,1,1,2808.002,1.92,0.46,1.23,0.95,0.52,79.24366197183097,77.38356807511731,9.685446009389672,12.661971830985916,346578.3286384976,96034.85446009388,9.299999999999985,0.95,1.0,0.95,0.95
23:10:31:10:47:33,SS_ResNet50,1,1,2808.002,1.92,0.37,1.33,0.95,0.54,78.93531353135315,78.51452145214527,8.214521452145215,9.244224422442244,307345.3201320132,70213.28052805281,8.999999999999984,0.85,1.0,0.85,0.9
23:10:31:10:47:48,SS_ResNet50,1,1,2808.002,1.92,0.3,1.4,0.95,0.58,78.99699248120304,80.02907268170439,8.691729323308271,7.238095238095238,294683.5889724311,54880.24060150376,9.599999999999982,0.5,0.95,0.5,0.6547619047619048
23:10:31:10:48:03,SS_ResNet50,1,1,2808.002,1.92,0.5,1.19,0.95,0.58,78.80431211498978,79.07289527720751,7.924024640657084,6.016427104722792,271982.39014373714,45636.336755646815,8.799999999999985,0.65,1.0,0.65,0.7428571428571429
23:10:31:10:48:16,SS_ResNet50,1,1,2808.002,1.92,0.38,1.32,0.95,0.58,78.62785467128035,79.7107266435988,6.882352941176471,5.147058823529412,240769.3287197232,39060.81660899654,9.099999999999984,0.9,1.0,0.9,0.9393939393939392
23:10:31:10:48:30,SS_ResNet50,1,1,2808.002,1.92,0.31,1.38,0.95,0.62,78.65517241379318,80.28545727136458,6.113943028485757,4.599700149925037,218492.7376311844,34991.016491754126,8.899999999999984,0.85,0.975,0.85,0.8976190476190476
23:10:31:10:48:46,SS_ResNet50,1,1,2808.002,1.92,0.6,1.1,0.95,0.7,77.94177545691913,79.41436031331612,6.308093994778068,4.058746736292428,221348.42819843345,30896.45953002611,9.89999999999998,0.7,1.0,0.7,0.7583333333333333
23:10:31:10:48:59,SS_ResNet50,1,1,2808.002,1.92,0.48,1.22,0.95,0.7,78.53671782762702,79.0103896103897,7.795749704840614,3.7981109799291617,228561.1523022432,28725.19480519481,8.099999999999987,0.7,1.0,0.7,0.7428571428571429
23:10:31:10:49:12,SS_ResNet50,1,1,2808.002,1.92,0.37,1.33,0.95,0.7,78.75026680896482,79.25208110992534,7.249733191035219,3.48239060832444,217494.5400213448,26359.530416221984,8.999999999999984,0.6,1.0,0.6,0.6914285714285715
23:10:31:10:49:28,SS_ResNet50,1,1,2808.002,1.92,0.61,1.09,0.95,0.76,78.70649224806202,78.99825581395395,6.795542635658915,3.24515503875969,204633.3023255814,24631.565891472863,9.499999999999982,0.5,1.0,0.5,0.613095238095238
23:10:31:10:49:41,SS_ResNet50,1,1,2808.002,1.92,0.51,1.19,0.95,0.76,78.97976827094469,78.57798573975082,6.428698752228164,3.016042780748663,194330.0106951872,22947.82174688057,8.999999999999984,0.6,1.0,0.6,0.6547619047619048
23:10:31:10:49:54,SS_ResNet50,1,1,2808.002,1.92,0.38,1.32,0.95,0.75,78.95990099009894,78.86740924092481,6.204620462046204,2.8267326732673266,188524.14521452144,21541.17491749175,8.999999999999984,0.85,1.0,0.85,0.8949999999999999
23:10:31:10:50:09,SS_ResNet50,1,1,2808.002,1.92,0.6,1.1,0.95,0.79,79.18929663608554,79.09319571865512,6.11085626911315,2.690366972477064,188032.3914373089,20417.37003058104,9.599999999999982,0.8,0.9416666666666668,0.8,0.7883333333333333
23:10:31:10:50:22,SS_ResNet50,1,1,2808.002,1.92,0.49,1.21,0.95,0.78,79.10199999999993,78.81435714285777,5.748571428571428,2.5435714285714286,180784.2742857143,19333.12,9.199999999999983,0.75,1.0,0.75,0.8166666666666667
23:10:31:10:50:36,SS_ResNet50,1,1,2808.002,1.92,0.38,1.32,0.95,0.78,79.06945746818477,78.8679839249838,5.432016075016745,2.4588077695914268,173347.49363697253,18606.21031480241,9.299999999999985,0.6,1.0,0.6,0.6922619047619047
23:10:31:10:50:51,SS_ResNet50,1,1,2808.002,1.92,0.29,1.41,0.95,0.8,78.8644514106582,79.28733542319793,5.601253918495297,2.3297805642633227,182046.01379310343,17662.876489028215,10.19999999999998,0.7,1.0,0.7,0.7795238095238096
23:10:31:10:51:05,SS_ResNet50,1,1,2808.002,1.92,0.59,1.11,0.95,0.8,78.94118343195257,78.87893491124312,5.326627218934911,2.224852071005917,175419.07692307694,16902.665088757396,9.499999999999982,0.8,0.95,0.8,0.9033333333333332
23:10:31:10:51:19,SS_ResNet50,1,1,2808.002,1.92,0.49,1.21,0.95,0.8,78.9377453729668,78.67173303421275,5.592821088053842,2.182277061132922,171672.4800897364,16471.295569265283,9.299999999999985,0.9,1.0,0.9,0.9166666666666666
23:10:31:10:51:33,SS_ResNet50,1,1,2808.002,1.92,0.34,1.36,0.95,0.79,79.22961783439477,78.9398619957542,6.477707006369426,2.1544585987261144,173487.5583864119,16270.946921443736,10.09999999999998,0.7,1.0,0.7,0.73
23:10:31:10:51:47,SS_ResNet50,1,1,2808.002,1.92,0.55,1.15,0.95,0.79,79.1740141557127,78.5775530839241,6.2103134479272,2.0824064711830133,167802.4347826087,15725.492416582409,9.399999999999984,0.5,0.875,0.5,0.5666666666666667
23:10:31:10:52:01,SS_ResNet50,1,1,2808.002,1.92,0.45,1.25,0.95,0.79,79.20768487191864,78.48477525374635,6.364910584823586,2.057515708071532,166400.74238762687,15465.41904301595,9.099999999999984,0.7,1.0,0.7,0.8033333333333333
23:10:31:10:52:14,SS_ResNet50,1,1,2808.002,1.92,0.41,1.29,0.95,0.79,79.21744562702432,78.60185099491044,6.142526608051828,2.347987043035632,161974.90791300323,17771.446552521982,9.199999999999983,0.85,1.0,0.85,0.8914285714285715
23:10:31:10:52:28,SS_ResNet50,1,1,2808.002,1.92,0.42,1.28,0.95,0.79,79.26628216503974,78.60678793256463,5.91659272404614,2.323868677905945,157930.42058562554,17528.844720496894,9.299999999999985,0.8,1.0,0.8,0.8616666666666667
23:10:31:10:52:41,SS_ResNet50,1,1,2808.002,1.92,0.33,1.37,0.95,0.82,79.16906689390693,78.89271410311069,5.72049424797614,2.2509586706433744,153801.57136770347,17012.274392841926,9.299999999999985,0.7,0.875,0.7,0.8
23:10:31:10:52:56,SS_ResNet50,1,1,2808.002,1.92,0.26,1.44,0.95,0.85,79.13545751633964,79.22054738562106,5.741013071895424,2.172794117647059,156752.3137254902,16467.660130718956,10.09999999999998,0.7,1.0,0.7,0.7
23:10:31:10:53:11,SS_ResNet50,1,1,2808.002,1.92,0.57,1.13,0.95,0.85,79.12214791502733,78.89480723839486,5.5743509047993705,2.108182533438238,153327.68528717544,16010.171518489378,9.399999999999984,0.75,1.0,0.75,0.8083333333333332
23:10:31:10:53:24,SS_ResNet50,1,1,2808.002,1.92,0.48,1.23,0.95,0.85,79.11424230915283,78.77254082795295,5.443220660843145,2.054310672236992,150816.18230155716,15637.292821876186,9.099999999999984,0.65,1.0,0.65,0.7116666666666667
23:10:31:10:53:37,SS_ResNet50,1,1,2808.002,1.92,0.34,1.36,0.95,0.85,79.12981298129789,78.90817748441484,5.308764209754309,2.0267693436010266,147999.73010634398,15380.65273193986,9.399999999999984,0.75,1.0,0.75,0.7928571428571429
23:10:31:10:53:51,SS_ResNet50,1,1,2808.002,1.92,0.54,1.16,0.95,0.85,79.1970577809285,78.77050691244213,5.195675292449486,1.9748316199929103,146018.55228642325,15022.05459057072,9.399999999999984,0.65,1.0,0.65,0.7166666666666666
23:10:31:10:54:05,SS_ResNet50,1,1,2808.002,1.92,0.41,1.29,0.95,0.85,79.20830758668015,78.76821146584233,5.048746996223824,1.929625815310676,143493.5805012015,14707.916237555784,9.199999999999983,0.6,0.9,0.6,0.6916666666666667
23:10:31:10:54:19,SS_ResNet50,1,1,2808.002,1.92,0.43,1.28,0.95,0.87,79.27601463739165,78.80978043912107,4.944111776447106,1.8882235528942115,141354.24085163008,14427.29474384564,9.299999999999985,0.85,1.0,0.85,0.8964285714285716
23:10:31:10:54:34,SS_ResNet50,1,1,2808.002,1.92,0.52,1.18,0.95,0.87,79.38310767246912,78.64219858155978,4.850419084461637,1.8604126370083816,138991.9896840748,14250.17150225661,9.599999999999982,0.75,1.0,0.75,0.8041666666666668
23:10:31:10:54:47,SS_ResNet50,1,1,2808.002,1.92,0.42,1.29,0.95,0.87,79.4692452239271,78.65098653304052,4.756655183213279,1.840901973066082,137214.07579079235,14074.94895082994,9.099999999999984,0.7,1.0,0.7,0.7833333333333334
23:10:31:10:55:02,SS_ResNet50,1,1,2808.002,1.92,0.31,1.39,0.95,0.88,79.46545123062873,78.77110300820362,6.479185657854756,1.7979337587359463,145087.51382558493,13780.28319659678,9.79999999999998,0.6,0.925,0.6,0.6730952380952381
23:10:31:10:55:18,SS_ResNet50,1,1,2808.002,1.92,0.58,1.13,0.95,0.85,79.53373600471396,78.48789039481387,10.005303476723627,1.7713612256923983,173946.04124926342,13502.076605774895,10.29999999999998,0.85,1.0,0.85,0.89
23:10:31:10:55:32,SS_ResNet50,1,1,2808.002,1.92,0.45,1.26,0.95,0.85,79.56872133027505,78.50656536697188,9.78927752293578,1.7511467889908257,171134.82568807338,13389.504587155963,9.399999999999984,0.8,1.0,0.8,0.8333333333333333
23:10:31:10:55:45,SS_ResNet50,1,1,2808.002,1.92,0.35,1.36,0.95,0.88,79.47499999999991,78.59972098214247,9.563895089285714,2.5239955357142856,168333.7142857143,22766.85714285714,9.599999999999982,0.55,1.0,0.55,0.6825
23:10:31:10:56:00,SS_ResNet50,1,1,2808.002,1.92,0.55,1.16,0.95,0.88,79.52016304347822,78.42168478260822,9.39945652173913,2.4904891304347827,166297.6,22391.09565217392,9.599999999999982,0.75,1.0,0.75,0.8095238095238095
23:10:31:10:56:13,SS_ResNet50,1,1,2808.002,1.92,0.45,1.25,0.95,0.88,79.54663129973474,78.37830238726771,9.20159151193634,2.4411140583554376,164539.6880636605,21967.380371352785,8.999999999999984,0.75,1.0,0.75,0.813095238095238
23:10:31:10:56:27,SS_ResNet50,1,1,2808.002,1.92,0.32,1.38,0.95,0.88,79.5528833721231,78.50235324540978,9.00465477114042,2.402637703646237,162160.0786139126,21573.11404189294,9.699999999999982,0.7,1.0,0.7,0.7333333333333333
23:10:31:10:56:41,SS_ResNet50,1,1,2808.002,1.92,0.44,1.27,0.95,0.88,79.60269997476661,78.56749936916475,9.1665404996215,2.360333080999243,168904.4461266717,21199.358062074185,9.599999999999982,0.75,1.0,0.75,0.82
23:10:31:10:56:57,SS_ResNet50,1,1,2808.002,1.92,0.36,1.35,0.95,0.9,79.62425363927959,78.62773254379483,9.020478657784356,2.316062176165803,166906.18899580557,20831.692079940785,8.999999999999984,0.9,1.0,0.9,0.9414285714285716
23:10:31:10:57:12,SS_ResNet50,1,1,2808.002,1.92,0.28,1.43,0.95,0.92,79.59913253012058,78.83944578313285,8.91710843373494,2.7190361445783133,165062.87807228917,23094.531084337348,9.699999999999982,0.8,1.0,0.8,0.8400000000000001
23:10:31:10:57:27,SS_ResNet50,1,1,2808.002,1.92,0.59,1.12,0.95,0.92,79.67611307420508,78.63561837455885,8.758539458186101,2.6791519434628976,162733.25983510012,22776.4617196702,9.499999999999982,0.8,0.975,0.8,0.8300000000000001
23:10:31:10:57:41,SS_ResNet50,1,1,2808.002,1.92,0.48,1.23,0.95,0.92,79.6792300599356,78.56650530198318,8.619179345320424,2.6456892577224527,160874.22406639004,22461.905025357308,9.299999999999985,0.75,1.0,0.75,0.8080952380952382
23:10:31:10:57:55,SS_ResNet50,1,1,2808.002,1.92,0.37,1.34,0.95,0.91,79.6632018038333,78.61880496054181,9.402480270574973,2.5957158962795943,164060.73145434048,22072.22187147689,9.699999999999982,0.7,1.0,0.7,0.765
23:10:31:10:58:09,SS_ResNet50,1,1,2808.002,1.92,0.55,1.15,0.95,0.91,79.70516556291406,78.47412803532052,9.258940397350994,2.550772626931568,162186.22869757176,21716.03355408389,9.499999999999982,0.65,1.0,0.65,0.75
23:10:31:10:58:22,SS_ResNet50,1,1,2808.002,1.92,0.46,1.25,0.95,0.91,79.72927304197336,78.48725659887529,9.14517524881004,2.510168758113371,161251.42016443098,21397.213327563823,9.199999999999983,0.8,1.0,0.8,0.8828571428571429
23:10:31:10:58:36,SS_ResNet50,1,1,2808.002,1.92,0.52,1.19,0.95,0.91,79.7634146341465,78.56273594909864,9.018239660657477,2.47083775185578,160038.92937433723,21086.364369035,9.299999999999985,0.75,1.0,0.75,0.8047619047619048
23:10:31:11:25:51,SS_ResNet50,4,4,2808.002,17.19,15.06,1.74,0.95,0.0,44.14375,12.493749999999997,6.166666666666667,0.4375,582314.6666666666,4437.333333333333,4.799999999999999,0.75,1.0,0.75,0.8214285714285714
23:10:31:11:25:58,SS_ResNet50,4,4,2808.002,17.19,15.04,1.76,0.95,0.0,48.34222222222223,12.526666666666662,3.733333333333333,1.5777777777777775,380108.8,97848.88888888888,4.200000000000001,0.85,1.0,0.85,0.8699999999999999
23:10:31:11:26:04,SS_ResNet50,4,4,2808.002,17.19,14.9,1.9,0.95,0.0,49.34140625000002,12.766406249999989,2.9375,1.109375,308416.0,68800.0,3.800000000000002,0.8,1.0,0.8,0.8574999999999999
23:10:31:11:26:10,SS_ResNet50,4,4,2808.002,17.19,14.81,2.0,0.95,0.0,51.1449704142012,13.06272189349112,2.4497041420118344,0.9171597633136096,276249.75147929,53078.34319526627,4.100000000000001,0.7,1.0,0.7,0.7680952380952382
23:10:31:11:26:16,SS_ResNet50,4,4,2808.002,17.19,15.01,1.79,0.95,0.0,50.53640776699028,13.005339805825232,2.203883495145631,1.383495145631068,251844.3495145631,47203.41747572816,3.700000000000002,0.9,0.975,0.9,0.9266666666666667
23:10:31:11:26:23,SS_ResNet50,4,4,2808.002,17.19,14.9,1.91,0.95,0.0,50.88897959183673,13.115918367346936,2.0081632653061225,1.2857142857142858,237233.6326530612,40224.39183673469,3.900000000000002,0.7,0.95,0.7,0.7928571428571429
23:10:31:11:26:28,SS_ResNet50,4,4,2808.002,17.19,14.78,2.03,0.95,0.0,51.41666666666666,13.245744680851054,1.8794326241134751,1.1170212765957446,223217.47517730496,34946.72340425532,3.700000000000002,0.7,0.9,0.7,0.7380952380952381
23:10:31:11:26:35,SS_ResNet50,4,4,2808.002,17.19,14.97,1.84,0.95,0.0,51.31339563862927,13.301246105918992,1.7757009345794392,1.2523364485981308,215697.14641744547,32334.15576323988,3.900000000000002,0.6,1.0,0.6,0.6599999999999999
23:10:31:11:26:40,SS_ResNet50,4,4,2808.002,17.19,14.85,1.96,0.95,0.0,51.37416666666666,13.330833333333336,77.24722222222222,5.358333333333333,3297325.511111111,98008.17777777778,3.900000000000002,0.75,0.975,0.75,0.7961904761904762
23:10:31:11:26:46,SS_ResNet50,4,4,2808.002,17.19,14.71,2.09,0.95,0.0,51.46356783919597,13.438190954773871,69.96733668341709,4.944723618090452,2994608.2412060304,89247.5175879397,3.800000000000002,0.8,1.0,0.8,0.8614285714285714
23:10:31:11:26:53,SS_ResNet50,4,4,2808.002,17.19,14.93,1.88,0.95,0.0,51.29863636363636,13.514999999999992,63.37954545454546,4.506818181818182,2719557.8181818184,81175.27272727272,4.200000000000001,0.85,1.0,0.85,0.9047619047619048
23:10:31:11:26:59,SS_ResNet50,4,4,2808.002,17.19,14.81,2.0,0.95,0.0,51.250208333333326,13.54270833333332,58.177083333333336,4.197916666666667,2503560.533333333,75042.13333333333,4.000000000000002,0.65,0.95,0.65,0.75
23:10:31:11:27:05,SS_ResNet50,4,4,2808.002,17.19,14.68,2.12,0.95,0.0,51.28471953578336,13.64003868471952,107.01353965183752,7.607350096711799,4523410.073500967,123783.17988394584,3.700000000000002,0.6,1.0,0.6,0.7033333333333334
23:10:31:11:27:11,SS_ResNet50,4,4,2808.002,17.19,14.9,1.91,0.95,0.0,51.19103942652328,13.735842293906783,99.22222222222224,7.051971326164875,4198414.6810035845,114702.68100358424,4.100000000000001,0.8,1.0,0.8,0.8300000000000001
23:10:31:11:27:17,SS_ResNet50,4,4,2808.002,17.19,14.78,2.02,0.95,0.0,51.16421404682273,13.759698996655493,92.64214046822742,6.6120401337792645,3925639.277591973,107441.23076923077,4.000000000000002,0.65,0.9,0.65,0.6950000000000001
23:10:31:11:27:23,SS_ResNet50,4,4,2808.002,17.19,14.68,2.13,0.95,0.0,51.16635220125782,13.810062893081748,87.16981132075472,6.216981132075472,3699576.754716981,101021.78616352202,3.800000000000002,0.95,1.0,0.95,0.9666666666666666
23:10:31:11:27:29,SS_ResNet50,4,4,2808.002,17.19,14.53,2.28,0.95,0.0,51.16533333333331,13.904888888888866,122.95555555555556,9.228148148148149,5198728.154074074,141302.89777777778,3.900000000000002,0.7,1.0,0.7,0.7699999999999999
23:10:31:11:27:36,SS_ResNet50,4,4,2808.002,17.19,14.87,1.93,0.95,0.0,50.92489510489507,13.900699300699278,116.13286713286712,8.74965034965035,4916425.935664335,133649.9020979021,4.000000000000002,0.95,1.0,0.95,0.95
23:10:31:11:27:42,SS_ResNet50,4,4,2808.002,17.19,14.76,2.05,0.95,0.0,50.99880636604772,13.912997347480092,110.1763925729443,8.505305039787798,4669657.294429708,127693.07161803714,3.900000000000002,0.85,1.0,0.85,0.8866666666666667
23:10:31:11:27:48,SS_ResNet50,4,4,2808.002,17.19,14.64,2.17,0.95,0.0,50.982954545454525,13.970833333333308,104.93560606060606,8.097222222222221,4453313.939393939,121566.38383838384,3.800000000000002,0.6,1.0,0.6,0.69
23:10:31:11:27:54,SS_ResNet50,4,4,2808.002,17.19,14.85,1.96,0.95,0.0,50.81872749099638,13.952821128451369,99.81152460984394,7.713085234093637,4240781.0612244895,115838.61704681872,4.100000000000001,0.7,1.0,0.7,0.7733333333333332
23:10:31:11:28:00,SS_ResNet50,4,4,2808.002,17.19,14.7,2.1,0.95,0.0,50.81076746849943,13.97663230240548,127.02520045819016,10.54639175257732,5413110.323024055,150637.0859106529,4.000000000000002,0.65,1.0,0.65,0.73
23:10:31:11:28:07,SS_ResNet50,4,4,2808.002,17.19,14.83,1.98,0.95,0.0,50.73894967177244,13.99431072210065,121.36214442013129,10.073304157549234,5176367.054704595,143879.84245076586,4.100000000000001,0.75,1.0,0.75,0.7964285714285715
23:10:31:11:28:13,SS_ResNet50,4,4,2808.002,17.19,14.71,2.09,0.95,0.0,50.782075471698136,14.014255765199144,116.31341719077568,9.738993710691824,4965116.243186583,138413.88679245283,4.000000000000002,0.95,1.0,0.95,0.95
23:10:31:11:28:19,SS_ResNet50,4,4,2808.002,17.19,14.56,2.25,0.95,0.0,50.756451612903255,14.07570564516127,111.90020161290325,9.365927419354838,4785738.322580645,133111.74193548388,3.800000000000002,0.65,0.975,0.65,0.7166666666666666
23:10:31:11:28:25,SS_ResNet50,4,4,2808.002,17.19,14.46,2.34,0.95,0.0,50.78516003879732,14.14296799224051,134.72647914645975,12.013579049466538,5787691.701260911,164809.37342386032,3.900000000000002,0.75,1.0,0.75,0.77
23:10:31:11:28:31,SS_ResNet50,4,4,2808.002,17.19,14.79,2.02,0.95,0.0,50.75224299065424,14.138130841121468,129.8495327102804,11.594392523364483,5581401.001869159,159077.92149532711,3.900000000000002,0.85,1.0,0.85,0.89
23:10:31:11:28:37,SS_ResNet50,4,4,2808.002,17.19,14.69,2.12,0.95,0.0,50.811743450767885,14.149141824751558,150.77777777777777,14.161698283649503,6505484.025293586,189363.2231255645,3.700000000000002,0.65,1.0,0.65,0.7083333333333333
23:10:31:11:28:43,SS_ResNet50,4,4,2808.002,17.19,14.56,2.24,0.95,0.0,50.90401746724898,14.18908296943228,145.8087336244541,13.705676855895195,6294832.96419214,183157.3799126637,3.800000000000002,0.75,1.0,0.75,0.8142857142857143
23:10:31:11:28:50,SS_ResNet50,4,4,2808.002,17.19,14.76,2.05,0.95,0.0,50.75472175379434,14.199494097807706,140.79679595278247,13.310286677908936,6082380.411467116,177329.86172006745,4.100000000000001,0.95,1.0,0.95,0.9714285714285716
23:10:31:11:28:56,SS_ResNet50,4,4,2808.002,17.19,14.67,2.13,0.95,0.0,50.79206868356509,14.215290269828234,136.56500408830743,12.907604251839738,5902285.762878168,171965.01717089125,3.700000000000002,0.75,1.0,0.75,0.8255952380952379
23:10:31:11:29:02,SS_ResNet50,4,4,2808.002,17.19,14.54,2.26,0.95,0.0,50.73285827395101,14.260411718131389,132.2652414885194,12.498812351543943,5718489.488519399,166518.7775138559,4.000000000000002,0.65,1.0,0.65,0.7
23:10:31:11:29:08,SS_ResNet50,4,4,2808.002,17.19,14.66,2.14,0.95,0.0,50.79462365591407,14.27434715821808,128.3294930875576,12.172043010752688,5551011.195084485,161914.69124423963,3.900000000000002,0.85,1.0,0.85,0.9114285714285714
23:10:31:11:29:14,SS_ResNet50,4,4,2808.002,17.19,14.51,2.3,0.95,0.0,50.84444444444454,14.314243102162507,124.62117822520509,11.85234899328859,5393384.328113348,157450.1178225205,3.900000000000002,0.65,0.975,0.65,0.6900000000000001
23:10:31:11:29:20,SS_ResNet50,4,4,2808.002,17.19,14.4,2.4,0.95,0.0,50.848005801305405,14.363741841914369,121.20739666424946,11.525743292240756,5247780.942712111,153111.39086294416,3.800000000000002,0.85,1.0,0.85,0.8699999999999999
23:10:31:11:29:27,SS_ResNet50,4,4,2808.002,17.19,14.69,2.11,0.95,0.0,50.798238195912745,14.36842847075399,117.81465821000704,11.226215644820297,5103569.815362931,149089.78153629316,4.000000000000002,0.7,1.0,0.7,0.7849999999999999
23:10:31:11:29:33,SS_ResNet50,4,4,2808.002,17.19,14.6,2.2,0.95,0.0,50.85861358956775,14.396293754289571,114.76389842141388,10.933424845573096,4973674.124914208,145201.37268359642,3.800000000000002,0.75,1.0,0.75,0.8422619047619048
23:10:31:11:29:39,SS_ResNet50,4,4,2808.002,17.19,14.49,2.31,0.95,0.0,50.93658862876268,14.43204013377919,130.77926421404683,13.278260869565218,5703018.338461539,172437.49030100333,3.800000000000002,0.65,0.95,0.65,0.6833333333333333
23:10:31:11:29:45,SS_ResNet50,4,4,2808.002,17.19,14.66,2.14,0.95,0.0,50.98671875000012,14.438085937499928,127.310546875,13.01171875,5554853.333333333,168400.0,4.100000000000001,0.7,1.0,0.7,0.7666666666666666
23:10:31:11:29:51,SS_ResNet50,4,4,2808.002,17.19,14.58,2.23,0.95,0.0,50.98318527918795,14.456662436548154,124.1021573604061,12.681472081218274,5416201.0964467,164125.88832487309,4.000000000000002,0.65,1.0,0.65,0.7164285714285714
23:10:31:11:29:58,SS_ResNet50,4,4,2808.002,17.19,14.44,2.36,0.95,0.0,50.98844252163176,14.49752781211366,120.9017305315204,12.352286773794807,5279495.911001236,159865.5129789864,4.200000000000001,0.75,1.0,0.75,0.8214285714285714
23:10:31:11:30:04,SS_ResNet50,4,4,2808.002,17.19,14.54,2.26,0.95,0.0,51.01593240796632,14.531261315630612,118.07543753771876,12.061557030778516,5157790.976463488,156102.83645141823,3.900000000000002,0.7,1.0,0.7,0.7414285714285714
23:10:31:11:30:10,SS_ResNet50,4,4,2808.002,17.19,14.42,2.38,0.95,0.0,51.09090909090919,14.565938606847636,115.5177095631641,11.79811097992916,5048351.433293979,152693.27036599765,3.700000000000002,0.9,0.95,0.9,0.9714285714285712
23:10:31:11:30:16,SS_ResNet50,4,4,2808.002,17.19,14.28,2.52,0.95,0.0,51.11114962449463,14.62131715771225,113.07047949162336,11.574234546504911,4944484.861929521,149623.49624494513,3.700000000000002,0.6,1.0,0.6,0.6595238095238096
23:10:31:11:30:22,SS_ResNet50,4,4,2808.002,17.19,14.63,2.18,0.95,0.0,51.086376483889325,14.626794799321608,110.66195590729224,11.396834369700397,4841217.302430752,146733.5850763143,3.800000000000002,0.75,1.0,0.75,0.7714285714285715
23:10:31:11:30:28,SS_ResNet50,4,4,2808.002,17.19,14.51,2.3,0.95,0.0,51.10348644161608,14.649529607083508,124.15218594355284,13.683453237410072,5470909.556170449,172621.35251798562,3.800000000000002,0.9,1.0,0.9,0.9333333333333332
23:10:31:11:30:34,SS_ResNet50,4,4,2808.002,17.19,14.41,2.4,0.95,0.0,51.13791982665235,14.682719393282715,121.5498374864572,13.394366197183098,5358459.978331528,168974.42253521126,3.900000000000002,0.7,1.0,0.7,0.7466666666666667
23:10:31:11:30:40,SS_ResNet50,4,4,2808.002,17.19,14.58,2.22,0.95,0.0,51.12885941644574,14.692413793103388,134.2318302387268,15.63076923076923,5953541.432360742,194230.79893899203,3.900000000000002,0.6,1.0,0.6,0.6416666666666666
23:10:31:11:30:46,SS_ResNet50,4,4,2808.002,17.19,14.48,2.32,0.95,0.0,51.176131045241945,14.721424856994217,131.59698387935518,15.32189287571503,5838646.71450858,190392.64482579305,3.800000000000002,0.6,1.0,0.6,0.6514285714285715
23:10:31:11:30:53,SS_ResNet50,4,4,2808.002,17.19,14.57,2.23,0.95,0.0,51.18099847172709,14.757004584819075,128.93173713703516,15.027508914926134,5722197.550687723,186746.71828833417,4.000000000000002,0.6,1.0,0.6,0.6847619047619047
23:10:31:11:39:44,SS_ResNet50,4,4,2808.002,1.92,0.4,1.3,0.95,0.38,23.838666666666672,81.62533333333333,27.32,122.22666666666667,1212306.7733333334,987955.2,7.499999999999989,0.85,0.975,0.85,0.8833333333333332
23:10:31:11:39:55,SS_ResNet50,4,4,2808.002,1.92,0.41,1.29,0.95,0.41,33.77863247863248,80.34444444444446,322.3162393162393,801.1538461538462,11766600.205128206,6580556.581196581,4.200000000000001,0.7,1.0,0.7,0.7830952380952381
23:10:31:11:40:02,SS_ResNet50,4,4,2808.002,1.92,0.32,1.38,0.95,0.46,36.98116883116885,80.97662337662341,247.922077922078,610.1688311688312,9154280.727272728,5010205.922077922,3.700000000000002,0.95,1.0,0.95,0.95
23:10:31:11:40:10,SS_ResNet50,4,4,2808.002,1.92,0.29,1.41,0.95,0.53,36.97157360406093,81.95482233502537,198.497461928934,477.0507614213198,7304488.284263959,3917439.350253807,4.300000000000001,0.7,1.0,0.7,0.7964285714285715
23:10:31:11:40:18,SS_ResNet50,4,4,2808.002,1.92,0.5,1.2,0.95,0.56,38.12382978723407,80.7782978723404,167.05531914893618,405.1659574468085,6154640.885106383,3325568.544680851,3.800000000000002,0.85,1.0,0.85,0.8699999999999999
23:10:31:11:40:24,SS_ResNet50,4,4,2808.002,1.92,0.39,1.31,0.95,0.56,39.442435424354265,81.06863468634685,290.9483394833948,809.0627306273062,10545446.730627306,6621705.446494465,3.600000000000002,0.85,0.95,0.85,0.8928571428571429
23:10:31:11:40:30,SS_ResNet50,4,4,2808.002,1.92,0.3,1.4,0.95,0.59,40.04322580645164,81.471935483871,255.8032258064516,707.4580645161291,9280386.477419354,5789841.341935484,3.900000000000002,0.7,1.0,0.7,0.7866666666666666
23:10:31:11:40:38,SS_ResNet50,4,4,2808.002,1.92,0.59,1.1,0.95,0.66,40.48803418803421,80.67891737891742,227.41310541310543,625.025641025641,8237324.398860399,5114748.717948718,4.100000000000001,0.9,1.0,0.9,0.938095238095238
23:10:31:11:40:44,SS_ResNet50,4,4,2808.002,1.92,0.49,1.21,0.95,0.66,41.1376288659794,80.07268041237117,205.95618556701032,565.4716494845361,7468697.072164948,4627297.649484536,3.700000000000002,0.75,1.0,0.75,0.78
23:10:31:11:40:51,SS_ResNet50,4,4,2808.002,1.92,0.36,1.35,0.95,0.66,40.84315068493151,80.21301369863018,185.837899543379,501.0525114155251,6651978.812785388,4099647.1232876712,4.999999999999998,0.8,1.0,0.8,0.8761904761904761
23:10:31:11:41:01,SS_ResNet50,4,4,2808.002,1.92,0.66,1.05,0.95,0.74,39.996926229508205,79.7590163934426,171.40573770491804,449.7909836065574,6013431.606557377,3679987.4098360655,4.999999999999998,0.65,0.95,0.65,0.7845238095238095
23:10:31:11:41:11,SS_ResNet50,4,4,2808.002,1.92,0.52,1.18,0.95,0.73,39.993018867924526,79.19339622641502,164.7433962264151,414.2584905660377,5586905.358490566,3389092.2264150945,4.200000000000001,0.9,0.9666666666666666,0.9,0.8800000000000001
23:10:31:11:41:17,SS_ResNet50,4,4,2808.002,1.92,0.4,1.3,0.95,0.72,40.21109154929576,79.38380281690132,156.41197183098592,386.6038732394366,5242815.098591549,3162717.7464788733,3.800000000000002,0.7,0.95,0.7,0.785
23:10:31:11:41:25,SS_ResNet50,4,4,2808.002,1.92,0.63,1.07,0.95,0.77,40.81973898858072,79.50978792822177,147.15986949429038,362.8058727569331,4921220.384991843,2972580.1239804244,4.5,0.7,1.0,0.7,0.7864285714285715
23:10:31:11:41:32,SS_ResNet50,4,4,2808.002,1.92,0.46,1.24,0.95,0.74,40.97457886676872,79.22649310872887,146.62787136294028,340.68912710566616,4695433.60490046,2791270.321592649,4.000000000000002,0.95,1.0,0.95,0.9714285714285716
23:10:31:11:41:38,SS_ResNet50,4,4,2808.002,1.92,0.37,1.32,0.95,0.74,41.47217391304343,79.33014492753621,139.4695652173913,322.43768115942026,4466664.255072463,2641878.446376812,3.700000000000002,0.5,1.0,0.5,0.5966666666666666
23:10:31:11:41:45,SS_ResNet50,4,4,2808.002,1.92,0.31,1.39,0.95,0.79,41.68489010989008,79.56689560439557,132.6195054945055,305.9271978021978,4251833.67032967,2506476.3076923075,3.800000000000002,0.75,1.0,0.75,0.8080952380952382
23:10:31:11:41:51,SS_ResNet50,4,4,2808.002,1.92,0.51,1.19,0.95,0.79,42.01657963446472,79.48433420365537,217.4751958224543,555.8420365535248,6392098.088772846,4535603.4673629245,3.800000000000002,0.75,1.0,0.75,0.79
23:10:31:11:41:57,SS_ResNet50,4,4,2808.002,1.92,0.39,1.31,0.95,0.79,42.332627646326245,79.49601494396018,207.53300124533,530.2303860523039,6105168.338729763,4326615.511830635,3.700000000000002,0.7,1.0,0.7,0.7642857142857143
23:10:31:11:42:06,SS_ResNet50,4,4,2808.002,1.92,0.34,1.37,0.95,0.83,41.50811123986095,80.08227114716107,276.09617612977985,739.1865585168018,7822322.947856315,6020393.826187718,5.999999999999995,0.65,0.95,0.65,0.6714285714285715
23:10:31:11:42:14,SS_ResNet50,4,4,2808.002,1.92,0.66,1.05,0.95,0.83,41.55738068812431,79.47735849056603,346.3973362930077,943.5416204217536,9613460.883462818,7677690.601553829,3.800000000000002,0.6,1.0,0.6,0.6514285714285715
23:10:31:11:42:20,SS_ResNet50,4,4,2808.002,1.92,0.5,1.2,0.95,0.82,41.79276595744681,79.22053191489357,332.56702127659577,904.394680851064,9225402.280851064,7359148.119148936,3.900000000000002,0.7,1.0,0.7,0.78
23:10:31:11:42:26,SS_ResNet50,4,4,2808.002,1.92,0.43,1.27,0.95,0.82,42.06758691206544,79.1518404907975,320.28118609406954,869.2944785276073,8876667.550102249,7073385.750511248,3.800000000000002,0.6,1.0,0.6,0.6714285714285714
23:10:31:11:42:32,SS_ResNet50,4,4,2808.002,1.92,0.59,1.11,0.95,0.82,42.22229862475444,78.7279960707269,381.6738703339882,1043.8624754420432,10432045.265225934,8489193.367387034,4.000000000000002,0.8,1.0,0.8,0.8666666666666666
23:10:31:11:42:38,SS_ResNet50,4,4,2808.002,1.92,0.49,1.21,0.95,0.82,42.39167455061498,78.65014191106907,439.6508987701041,1206.4200567644275,11893374.425733209,9807765.434247872,3.900000000000002,0.85,1.0,0.85,0.8880952380952379
23:10:31:11:42:44,SS_ResNet50,4,4,2808.002,1.92,0.38,1.32,0.95,0.82,42.57831655992684,78.69011893870082,425.2296431838975,1166.6843549862765,11506538.100640438,9484728.32936871,3.600000000000002,0.7,1.0,0.7,0.75
23:10:31:11:42:50,SS_ResNet50,4,4,2808.002,1.92,0.58,1.13,0.95,0.82,42.69142351900977,78.40786914235191,411.4818744473917,1127.497789566755,11127829.72944297,9166272.169761274,3.800000000000002,0.4,1.0,0.4,0.488095238095238
23:10:31:11:42:56,SS_ResNet50,4,4,2808.002,1.92,0.48,1.22,0.95,0.82,42.90025706940878,78.2889460154242,398.8269065981148,1092.7163667523564,10789272.020565553,8883507.989717223,3.600000000000002,0.7,0.9625,0.7,0.75
23:10:31:11:43:02,SS_ResNet50,4,4,2808.002,1.92,0.35,1.35,0.95,0.82,43.14461028192377,78.4214759535655,386.0091210613599,1057.4751243781095,10444447.628524046,8596699.064676616,3.900000000000002,0.5,1.0,0.5,0.5964285714285714
23:10:31:11:43:08,SS_ResNet50,4,4,2808.002,1.92,0.45,1.25,0.95,0.82,43.35691318327979,78.48697749196143,374.2909967845659,1025.1969453376205,10129784.18006431,8334382.096463023,3.800000000000002,0.65,1.0,0.65,0.7047619047619047
23:10:31:11:43:14,SS_ResNet50,4,4,2808.002,1.92,0.34,1.36,0.95,0.82,43.51171875000006,78.58015625,424.58359375,1163.0359375,11410204.0,9452976.0,3.600000000000002,0.7,1.0,0.7,0.7380952380952381
23:10:31:11:43:22,SS_ResNet50,4,4,2808.002,1.92,0.33,1.38,0.95,0.86,43.5497350492052,78.7995457986374,470.8395155185465,1296.0719152157455,12588511.055261165,10531888.835730508,4.100000000000001,0.65,0.975,0.65,0.69
23:10:31:11:43:29,SS_ResNet50,4,4,2808.002,1.92,0.62,1.09,0.95,0.86,43.56808510638304,78.42949376375643,456.4358033749083,1256.212765957447,12205448.170212766,10207962.247982392,4.200000000000001,0.85,1.0,0.85,0.9055555555555556
23:10:31:11:43:35,SS_ResNet50,4,4,2808.002,1.92,0.51,1.19,0.95,0.86,43.72092857142864,78.30985714285714,500.8228571428571,1382.7535714285714,13339129.417142857,11234552.685714286,3.700000000000002,0.75,0.95,0.75,0.7833333333333333
23:10:31:11:43:41,SS_ResNet50,4,4,2808.002,1.92,0.4,1.31,0.95,0.85,43.82897845726205,78.3260597637248,543.2029186935372,1500.7963863794305,14405019.307852676,12192027.218902016,3.900000000000002,0.8,0.9,0.8,0.8214285714285715
23:10:31:11:43:47,SS_ResNet50,4,4,2808.002,1.92,0.59,1.11,0.95,0.85,43.87770270270276,78.05405405405405,528.35,1459.229054054054,14011513.08108108,11854457.772972971,4.100000000000001,0.75,0.9333333333333332,0.75,0.7842857142857144
23:10:31:11:43:53,SS_ResNet50,4,4,2808.002,1.92,0.49,1.21,0.95,0.85,43.948748353096256,78.07114624505928,568.7068511198946,1570.1884057971015,15030595.119894598,12754881.93939394,3.800000000000002,0.8,1.0,0.8,0.8
23:10:31:11:43:59,SS_ResNet50,4,4,2808.002,1.92,0.58,1.12,0.95,0.85,44.054492939666325,78.10564826700895,606.4088575096278,1673.604621309371,15984237.10397946,13594211.245186135,4.000000000000002,0.75,0.9333333333333332,0.75,0.7892857142857144
23:10:31:11:44:06,SS_ResNet50,4,4,2808.002,1.92,0.45,1.25,0.95,0.85,44.18085106382991,78.0821652065081,591.2571964956195,1631.720901126408,15587422.197747184,13254110.037546936,4.000000000000002,0.6,1.0,0.6,0.67
23:10:31:11:44:11,SS_ResNet50,4,4,2808.002,1.92,0.35,1.35,0.95,0.85,44.29430844553256,78.16303549571603,628.3102815177479,1732.8818849449203,16532981.973072216,14075512.949816402,3.600000000000002,0.65,1.0,0.65,0.738095238095238
23:10:31:11:44:20,SS_ResNet50,4,4,2808.002,1.92,0.31,1.4,0.95,0.91,44.12184523809536,78.34964285714284,611.3119047619048,1685.472619047619,16085093.79047619,13690326.552380951,4.6,0.8,1.0,0.8,0.82
23:10:31:11:44:27,SS_ResNet50,4,4,2808.002,1.92,0.61,1.1,0.95,0.91,44.1423590935504,78.19401510749566,596.8024404416037,1645.3271353864031,15705134.410226611,13364353.115630448,4.100000000000001,0.65,0.9666666666666666,0.65,0.7050000000000001
23:10:31:11:44:33,SS_ResNet50,4,4,2808.002,1.92,0.48,1.22,0.95,0.91,44.30625000000014,78.12238636363632,583.6215909090909,1608.8823863636364,15359883.054545457,13068304.290909093,3.900000000000002,0.65,1.0,0.65,0.7033333333333334
23:10:31:11:44:39,SS_ResNet50,4,4,2808.002,1.92,0.38,1.32,0.95,0.91,44.42337228714536,78.22960489705065,571.6477462437396,1575.7557039510295,15046816.124652198,12799229.578185866,3.700000000000002,0.85,1.0,0.85,0.89
23:10:31:11:44:46,SS_ResNet50,4,4,2808.002,1.92,0.58,1.12,0.95,0.91,44.4774088187263,78.03543821448012,604.6124115405553,1672.2471420794775,15889337.763745235,13575965.683179095,4.000000000000002,0.7,1.0,0.7,0.77
23:10:31:11:44:52,SS_ResNet50,4,4,2808.002,1.92,0.44,1.26,0.95,0.91,44.53377801494143,78.01675560298823,592.8100320170757,1639.276414087513,15581733.156883672,13308133.498399146,3.700000000000002,0.8,1.0,0.8,0.8547619047619047
23:10:31:11:44:58,SS_ResNet50,4,4,2808.002,1.92,0.35,1.35,0.95,0.91,44.63166144200639,78.09252873563221,580.4461859979101,1605.33960292581,15258561.404388716,13032378.449320797,4.000000000000002,0.55,1.0,0.55,0.6464285714285715
23:10:31:11:45:04,SS_ResNet50,4,4,2808.002,1.92,0.43,1.27,0.95,0.91,44.71228878648248,78.08499743983627,568.9324116743471,1573.2821300563237,14957130.715821812,12772131.26062468,3.900000000000002,0.9,1.0,0.9,0.94
23:10:31:11:45:10,SS_ResNet50,4,4,2808.002,1.92,0.34,1.37,0.95,0.91,44.814020100502674,78.2282914572866,558.3954773869347,1545.010552763819,14681466.211055277,12541875.84321608,3.700000000000002,0.8,1.0,0.8,0.8714285714285713
23:10:31:11:45:18,SS_ResNet50,4,4,2808.002,1.92,0.29,1.42,0.95,0.95,44.74043285784572,78.36424003935092,546.7693064436793,1512.337924249877,14375721.42843089,12276634.758484997,4.300000000000001,0.7,1.0,0.7,0.785