TimeStamp,Name,CPU_CORES,CPU_CORES_LOG,CPU_FREQ,RAM_TOTAL_GB,RAM_AV_GB,RAM_USED_GB,SWAP_TOTAL_GB,SWAP_USED_GB,CPU%,RAM%,RC,WC,RB,WB,dt,PRED
23:10:27:14:01:39,ResNet50,4,4,2808.004,11.68,7.67,3.58,0.95,0.0,49.88,34.09,0.0,0.0,0.0,0.0,1.0,True
23:10:27:14:02:40,ResNet50,4,4,2808.004,11.68,7.89,3.36,0.95,0.0,35.93,32.28,0.0,0.0,0.0,0.0,1.0,True
23:10:27:14:07:08,ResNet50,4,4,2808.004,11.68,7.89,3.37,0.95,0.0,42.2,32.191666666666656,0.0,0.0,0.0,0.0,1.2,True
23:10:27:14:07:14,SS_EfficientNetV2B2,4,4,2808.004,11.68,7.98,3.28,0.95,0.0,40.014705882352935,31.92941176470588,0.8529411764705882,0.5,82160.94117647059,3132.235294117647,2.2000000000000006,True
23:10:27:14:10:31,ResNet50,4,4,2808.004,11.68,7.78,3.48,0.95,0.0,36.04545454545455,33.2,0.0,0.0,0.0,0.0,1.1,True
23:10:27:14:10:37,SS_EfficientNetV2B2,4,4,2808.004,11.68,7.83,3.44,0.95,0.0,38.1741935483871,32.99354838709676,0.0,10.32258064516129,0.0,61836.3870967742,2.0000000000000004,True
23:10:27:14:13:17,ResNet50,4,4,2808.004,11.68,7.64,3.63,0.95,0.0,32.13,34.23,0.0,34.5,0.0,181862.4,1.0,True
23:10:27:14:13:23,SS_EfficientNetV2B2,4,4,2808.004,11.68,7.68,3.59,0.95,0.0,35.26551724137931,34.14137931034483,0.0,12.517241379310343,0.0,66665.93103448275,1.9000000000000008,True
23:10:27:14:13:35,SS_ConvNeXtBase,4,4,2808.004,11.68,7.42,3.85,0.95,0.0,33.540000000000006,35.683000000000014,4.29,5.47,398131.2,28508.16,7.099999999999991,True
23:10:27:14:13:43,SS_EfficientNetV2B0,4,4,2808.004,11.68,7.45,3.83,0.95,0.0,33.89739130434783,35.75391304347827,3.730434782608696,5.069565217391304,346201.04347826086,26784.278260869567,1.5000000000000002,True
23:10:27:14:14:10,SS_ResNet101,4,4,2808.004,11.68,7.21,4.06,0.95,0.0,34.48947368421052,36.10375939849628,3.225563909774436,4.804511278195489,299346.76691729325,25007.157894736843,1.8000000000000005,True
23:10:27:14:20:00,ResNet50,4,4,2808.004,11.68,7.72,3.54,0.95,0.0,39.17272727272727,33.63636363636363,0.0,0.0,0.0,0.0,1.1,True
23:10:27:14:20:21,SS_EfficientNetV2B2,4,4,2808.004,11.68,7.81,3.45,0.95,0.0,36.75862068965518,33.30344827586207,0.0,2.4482758620689653,0.0,22033.6551724138,1.8000000000000005,True
23:10:27:14:20:32,SS_ConvNeXtBase,4,4,2808.004,11.68,7.42,3.85,0.95,0.0,38.43720930232558,35.462790697674464,0.0,1.6395348837209305,0.0,11525.953488372092,5.699999999999996,True
23:10:27:14:20:37,SS_EfficientNetV2B0,4,4,2808.004,11.68,7.38,3.88,0.95,0.0,40.21470588235294,35.65196078431376,0.0,1.5098039215686274,0.0,10440.78431372549,1.6000000000000003,True
23:10:27:14:20:43,SS_ResNet101,4,4,2808.004,11.68,7.17,4.08,0.95,0.0,40.61074380165288,36.13305785123968,0.0,1.3801652892561984,0.0,9478.347107438016,1.9000000000000008,True
23:10:27:14:20:49,SS_EfficientNetB1,4,4,2808.004,11.68,7.52,3.75,0.95,0.0,39.94357142857141,36.043571428571454,0.0,8.878571428571428,0.0,57636.57142857143,1.9000000000000008,True
23:10:27:14:23:35,SS_ConvNeXtXLarge,4,4,2808.004,11.68,6.24,5.03,0.95,0.0,40.37657657657657,40.29009009009011,0.0,5.878378378378378,0.0,37786.52252252252,8.199999999999987,True
23:10:27:14:24:35,SS_VGG19,4,4,2808.004,11.68,5.54,5.73,0.95,0.0,40.73568281938325,40.56035242290751,1.7004405286343611,5.748898678414097,11656.458149779735,36954.220264317184,0.5,True
23:10:27:14:25:42,ResNet50,4,4,2808.004,11.68,7.7,3.54,0.95,0.0,40.57272727272727,33.81818181818182,0.3636363636363636,0.0,1489.4545454545455,0.0,1.1,True
23:10:27:14:25:48,SS_EfficientNetV2B2,4,4,2808.004,11.68,7.77,3.5,0.95,0.0,38.35517241379309,33.644827586206894,0.1379310344827586,0.4482758620689655,564.9655172413793,2542.344827586207,1.8000000000000005,True
23:10:27:14:25:59,SS_ConvNeXtBase,4,4,2808.004,11.68,7.4,3.87,0.95,0.0,38.58915662650603,35.53373493975904,0.0481927710843373,2.63855421686747,197.3975903614458,13225.638554216868,5.399999999999997,True
23:10:27:14:26:03,SS_EfficientNetV2B0,4,4,2808.004,11.68,7.43,3.84,0.95,0.0,38.988775510204086,35.65714285714285,0.0408163265306122,2.397959183673469,167.18367346938774,12204.408163265309,1.5000000000000002,True
23:10:27:14:26:09,SS_ResNet101,4,4,2808.004,11.68,7.22,4.04,0.95,0.0,39.0344827586207,36.06120689655175,0.0344827586206896,2.1379310344827585,141.24137931034485,11016.827586206897,1.8000000000000005,True
23:10:27:14:26:14,SS_EfficientNetB1,4,4,2808.004,11.68,7.54,3.73,0.95,0.0,38.59111111111112,35.99555555555555,0.0296296296296296,2.088888888888889,121.36296296296295,11226.074074074077,1.9000000000000008,True
23:10:27:14:26:33,SS_ConvNeXtXLarge,4,4,2808.004,11.68,6.13,5.14,0.95,0.0,39.64954128440369,40.494495412843975,0.0596330275229357,1.3669724770642202,375.7798165137615,7440.440366972477,8.299999999999986,True
23:10:27:14:26:37,SS_VGG19,4,4,2808.004,11.68,5.63,5.64,0.95,0.0,40.13408071748882,40.76053811659187,0.0582959641255605,1.336322869955157,367.3542600896861,7273.614349775785,0.5,True
23:10:27:14:26:47,SS_EfficientNetB5,4,4,2808.004,11.68,6.97,4.29,0.95,0.0,40.20038759689923,40.64922480620154,0.065891472868217,1.302325581395349,2349.6434108527133,9620.837209302326,3.5000000000000018,True
23:10:27:14:28:05,ResNet50,4,4,2808.004,11.68,7.71,3.56,0.95,0.0,29.890000000000004,33.71999999999999,0.2,0.0,1638.4,0.0,1.0,True
23:10:27:14:28:11,SS_EfficientNetV2B2,4,4,2808.004,11.68,7.75,3.52,0.95,0.0,33.55862068965517,33.603448275862064,0.0689655172413793,0.7931034482758621,564.9655172413793,3389.793103448276,1.9000000000000008,True
23:10:27:14:28:25,SS_ConvNeXtBase,4,4,2808.004,11.68,7.4,3.87,0.95,0.0,35.98780487804878,35.609756097560975,43.24390243902439,8.304878048780488,564948.2926829269,49002.14634146341,5.299999999999997,True
23:10:27:14:28:29,SS_EfficientNetV2B0,4,4,2808.004,11.68,7.43,3.85,0.95,0.0,35.65979381443299,35.73711340206187,36.55670103092783,7.350515463917525,477585.1546391753,42944.65979381443,1.5000000000000002,True
23:10:27:14:28:36,SS_ResNet101,4,4,2808.004,11.68,7.2,4.07,0.95,0.0,36.114782608695656,36.16000000000002,68.85217391304347,12.68695652173913,835014.1217391305,74440.34782608696,1.8000000000000005,True
23:10:27:14:28:42,SS_EfficientNetB1,4,4,2808.004,11.68,7.54,3.73,0.95,0.0,35.83834586466167,36.10375939849629,59.53383458646616,11.270676691729324,722004.6917293234,67753.38345864661,1.8000000000000005,True
23:10:27:14:29:13,SS_ConvNeXtXLarge,4,4,2808.004,11.68,6.11,5.16,0.95,0.0,39.799086757990885,40.78812785388136,36.17351598173516,7.378995433789954,438552.5479452055,45523.5799086758,8.599999999999985,True
23:10:27:14:29:16,SS_VGG19,4,4,2808.004,11.68,5.62,5.66,0.95,0.0,40.258035714285725,41.05491071428578,35.36607142857143,7.214285714285714,428763.4285714286,44507.42857142857,0.5,True
23:10:27:14:29:27,SS_EfficientNetB5,4,4,2808.004,11.68,6.96,4.3,0.95,0.0,41.310305343511445,40.87557251908402,71.26717557251908,12.263358778625957,662645.251908397,80997.61832061068,3.800000000000002,True
23:10:27:14:29:33,SS_EfficientNetB2,4,4,2808.004,11.68,7.49,3.78,0.95,0.0,40.84107142857142,40.55928571428574,66.68571428571428,11.517857142857142,620046.6285714286,76053.94285714286,1.8000000000000005,True
23:10:27:14:31:16,ResNet50,4,4,2808.004,11.68,7.63,3.61,0.95,0.0,30.95,34.42,0.0,0.0,0.0,0.0,1.0,True
23:10:27:14:31:22,SS_EfficientNetV2B2,4,4,2808.004,11.68,7.73,3.54,0.95,0.0,35.56206896551725,34.07586206896549,0.0,0.4137931034482758,0.0,2259.862068965517,1.9000000000000008,True
23:10:27:14:31:33,SS_ConvNeXtBase,4,4,2808.004,11.68,7.38,3.9,0.95,0.0,40.28720930232558,35.9244186046511,0.0232558139534883,0.4883720930232558,95.25581395348836,2952.93023255814,5.699999999999996,True
23:10:27:14:31:38,SS_EfficientNetV2B0,4,4,2808.004,11.68,7.38,3.87,0.95,0.0,40.95098039215687,36.04999999999993,0.1764705882352941,6.519607843137255,2730.6666666666665,44815.05882352941,1.6000000000000003,True
23:10:27:14:31:44,SS_ResNet101,4,4,2808.004,11.68,7.18,4.09,0.95,0.0,41.01983471074381,36.46363636363629,0.1487603305785124,5.644628099173554,2301.884297520661,38793.52066115703,1.9000000000000008,True
23:10:27:14:31:51,SS_EfficientNetB1,4,4,2808.004,11.68,7.49,3.76,0.95,0.0,41.70425531914895,36.40921985815596,0.1276595744680851,5.035460992907802,1975.3758865248224,34394.78014184397,2.0000000000000004,True
23:10:27:14:32:13,SS_ConvNeXtXLarge,4,4,2808.004,11.68,6.13,5.15,0.95,0.0,51.849173553719,41.34586776859498,0.3636363636363636,10.301652892561984,6888.727272727273,111269.02479338842,10.09999999999998,True
23:10:27:14:32:22,SS_VGG19,4,4,2808.004,11.68,5.62,5.65,0.95,0.0,52.00161943319837,41.57692307692301,0.3562753036437247,10.093117408906885,6749.27935222672,109016.6153846154,0.5,True
23:10:27:14:32:32,SS_EfficientNetB5,4,4,2808.004,11.68,6.97,4.29,0.95,0.0,51.14,41.35052631578943,0.3087719298245614,8.807017543859649,5849.375438596491,94912.2245614035,3.800000000000002,True
23:10:27:14:32:39,SS_EfficientNetB2,4,4,2808.004,11.68,7.44,3.81,0.95,0.0,51.080906148867314,40.95177993527506,0.284789644012945,8.546925566343042,5395.05501618123,101432.33656957927,2.400000000000001,True
23:10:27:14:32:43,SS_MobileNet,4,4,2808.004,11.68,7.36,3.89,0.95,0.0,50.83980891719745,40.8904458598726,0.2802547770700637,8.410828025477707,5309.146496815287,99817.1719745223,0.5,True
23:10:27:14:32:58,SS_ResNet50V2,4,4,2808.004,11.68,7.14,4.11,0.95,0.0,50.44705882352941,40.83034055727554,0.2724458204334365,8.176470588235293,5161.213622291021,97035.88854489164,0.8999999999999999,True
23:10:27:14:35:13,ResNet50,4,4,2808.004,11.68,7.66,3.57,0.95,0.0,38.97272727272728,34.21818181818181,0.0,0.0,0.0,0.0,1.1,True
23:10:27:14:35:24,SS_EfficientNetV2B2,4,4,2808.004,11.68,7.71,3.53,0.95,0.0,37.50333333333333,34.076666666666654,0.0,2.5,0.0,14745.6,1.9000000000000008,True
23:10:27:14:35:43,SS_EfficientNetV2B2,4,4,2808.004,11.68,7.75,3.5,0.95,0.0,36.332,33.924,0.0,1.74,0.0,10158.08,2.0000000000000004,True
23:10:27:14:35:54,SS_ConvNeXtBase,4,4,2808.004,11.68,7.34,3.92,0.95,0.0,36.7875,35.51153846153845,0.0,2.1153846153846154,0.0,15044.923076923076,5.399999999999997,True
23:10:27:14:35:58,SS_EfficientNetV2B0,4,4,2808.004,11.68,7.36,3.9,0.95,0.0,36.74117647058824,35.69495798319327,0.0,1.949579831932773,0.0,13768.067226890757,1.5000000000000002,True
23:10:27:14:36:04,SS_ResNet101,4,4,2808.004,11.68,7.18,4.08,0.95,0.0,38.89855072463768,36.09855072463767,0.1304347826086956,14.485507246376812,2374.4927536231885,102459.36231884058,1.9000000000000008,True
23:10:27:14:36:10,SS_EfficientNetB1,4,4,2808.004,11.68,7.7,3.55,0.95,0.0,38.471069182389954,36.08364779874214,0.1132075471698113,12.735849056603774,2060.880503144654,89854.38993710691,2.1000000000000005,True
23:10:27:14:36:29,SS_ConvNeXtXLarge,4,4,2808.004,11.68,6.31,4.94,0.95,0.0,39.473553719008265,39.60578512396694,0.0743801652892562,8.706611570247935,1354.0495867768595,61101.48760330579,8.299999999999986,True
23:10:27:14:36:32,SS_VGG19,4,4,2808.004,11.68,5.46,5.8,0.95,0.0,39.81781376518219,39.88097165991902,0.0728744939271255,8.530364372469636,1326.6396761133603,59864.61538461538,0.5,True
23:10:27:14:36:42,SS_EfficientNetB5,4,4,2808.004,11.68,6.96,4.29,0.95,0.0,39.607446808510645,39.89716312056731,0.0638297872340425,7.52127659574468,1161.985815602837,52783.20567375887,3.5000000000000018,True
23:10:27:14:36:47,SS_EfficientNetB2,4,4,2808.004,11.68,7.6,3.66,0.95,0.0,39.21716171617162,39.75115511551148,0.0594059405940594,7.05940594059406,1081.4521452145214,49530.508250825085,2.1000000000000005,True
23:10:27:14:36:49,SS_MobileNet,4,4,2808.004,11.68,7.6,3.66,0.95,0.0,39.20811688311689,39.68116883116876,0.0584415584415584,6.944805194805195,1063.8961038961038,48726.44155844156,0.5,True
23:10:27:14:36:52,SS_ResNet50V2,4,4,2808.004,11.68,7.27,3.98,0.95,0.0,39.14605678233439,39.620504731861125,0.056782334384858,6.747634069400631,1033.6908517350157,47343.04100946372,0.8999999999999999,True
23:10:27:14:37:00,SS_EfficientNetB4,4,4,2808.004,11.68,7.37,3.89,0.95,0.0,39.009482758620685,39.3663793103448,0.057471264367816,6.235632183908046,965.1494252873564,43690.66666666666,3.1000000000000014,False
23:10:27:14:38:00,ResNet50,4,4,2808.004,11.68,7.64,3.6,0.95,0.0,37.82000000000001,34.32000000000001,0.0,0.0,0.0,0.0,1.0,True
23:10:27:14:38:07,SS_EfficientNetV2B2,4,4,2808.004,11.68,7.71,3.54,0.95,0.0,44.54,34.04666666666666,0.0,17.333333333333332,0.0,128068.26666666666,2.0000000000000004,True
23:10:27:14:51:46,ResNet50,4,4,2808.004,11.68,7.59,3.66,0.95,0.0,37.040000000000006,34.71999999999999,0.0,0.0,0.0,0.0,1.0,True
23:10:27:14:52:33,ResNet50,4,4,2808.004,11.68,7.62,3.62,0.95,0.0,31.72222222222222,34.58888888888889,0.0,0.0,0.0,0.0,0.8999999999999999,True
23:10:27:14:52:38,SS_EfficientNetV2B2,4,4,2808.004,11.68,7.66,3.59,0.95,0.0,36.092857142857135,34.37500000000001,0.0,3.9642857142857135,0.0,17846.85714285714,1.9000000000000008,True
23:10:27:14:52:49,SS_ConvNeXtBase,4,4,2808.004,11.68,7.32,3.94,0.95,0.0,38.28048780487805,36.354878048780456,0.0,1.8902439024390243,0.0,9390.829268292682,5.399999999999997,True
23:10:27:14:52:54,SS_EfficientNetV2B0,4,4,2808.004,11.68,7.72,3.54,0.95,0.0,38.01616161616162,35.96666666666666,0.0,1.696969696969697,0.0,8605.737373737375,1.7000000000000004,True
23:10:27:14:53:00,SS_ResNet101,4,4,2808.004,11.68,7.52,3.74,0.95,0.0,38.01623931623933,35.92136752136753,0.0,1.5982905982905984,0.0,8402.051282051281,1.8000000000000005,True
23:10:27:14:53:06,SS_EfficientNetB1,4,4,2808.004,11.68,7.69,3.56,0.95,0.0,38.21691176470589,35.653676470588216,0.0,1.4926470588235294,0.0,8011.294117647059,1.9000000000000008,True
23:10:27:14:53:26,SS_ConvNeXtXLarge,4,4,2808.004,11.68,6.38,4.9,0.95,0.0,40.13288288288291,39.71486486486482,0.0,1.2882882882882882,0.0,7084.972972972973,8.599999999999985,True
23:10:27:14:53:29,SS_VGG19,4,4,2808.004,11.68,5.51,5.77,0.95,0.0,40.81762114537448,40.00308370044047,0.0,1.2599118942731278,0.0,6928.916299559472,0.5,True
23:10:27:14:53:40,SS_EfficientNetB5,4,4,2808.004,11.68,6.53,4.75,0.95,0.0,41.89325842696631,41.13258426966285,0.0,1.1760299625468165,0.0,6535.191011235955,4.000000000000002,True
23:10:27:14:53:45,SS_EfficientNetB2,4,4,2808.004,11.68,7.45,3.82,0.95,0.0,41.65122807017545,40.81929824561398,0.0,1.143859649122807,0.0,6409.880701754386,1.8000000000000005,True
23:10:27:14:53:46,SS_MobileNet,4,4,2808.004,11.68,7.35,3.93,0.95,0.0,41.72655172413794,40.753793103448224,0.0,1.1241379310344828,0.0,6299.365517241379,0.5,True
23:10:27:14:53:49,SS_ResNet50V2,4,4,2808.004,11.68,7.15,4.12,0.95,0.0,41.48060200668897,40.69130434782605,0.0,1.0903010033444815,0.0,6109.752508361204,0.8999999999999999,True
23:10:27:14:53:57,SS_EfficientNetB4,4,4,2808.004,11.68,7.48,3.79,0.95,0.0,41.106748466257656,40.269018404907925,0.0,1.125766871165644,0.0,6533.496932515337,2.700000000000001,False
23:10:27:14:54:02,SS_ConvNeXtTiny,4,4,2808.004,11.68,7.33,3.94,0.95,0.0,40.720170454545446,40.0397727272727,0.0,1.1392045454545454,0.0,6702.545454545455,2.600000000000001,True
23:10:27:14:57:19,ResNet50,4,4,2808.004,11.68,7.56,3.7,0.95,0.0,30.94545454545455,35.10909090909092,15.636363636363637,23.90909090909091,64046.545454545456,145221.81818181818,1.1,True
23:10:27:14:57:25,SS_EfficientNetV2B2,4,4,2808.004,11.68,7.61,3.65,0.95,0.0,36.4,34.92333333333336,5.733333333333333,9.366666666666667,23483.733333333334,56797.86666666667,1.9000000000000008,True
23:10:27:14:57:36,SS_ConvNeXtBase,4,4,2808.004,11.68,7.31,3.97,0.95,0.0,39.28235294117648,36.52705882352942,4.047058823529412,10.717647058823529,16576.75294117647,63897.6,5.4999999999999964,True
23:10:27:14:57:40,SS_EfficientNetV2B0,4,4,2808.004,11.68,7.71,3.57,0.95,0.0,38.69100000000001,36.177000000000014,3.44,9.25,14090.24,55214.08,1.5000000000000002,True
23:10:27:14:57:46,SS_ResNet101,4,4,2808.004,11.68,7.51,3.77,0.95,0.0,38.96083333333333,36.10833333333336,2.8666666666666667,7.85,11741.866666666669,46967.46666666667,2.0000000000000004,True
23:10:27:14:57:51,SS_EfficientNetB1,4,4,2808.004,11.68,7.68,3.6,0.95,0.0,38.36304347826087,35.84927536231888,2.4927536231884058,6.956521739130435,10210.31884057971,41731.710144927536,1.8000000000000005,True
23:10:27:14:58:11,SS_ConvNeXtXLarge,4,4,2808.004,11.68,6.36,4.92,0.95,0.0,39.97072072072074,39.68783783783784,1.5495495495495497,4.635135135135135,6346.954954954955,28007.783783783783,8.399999999999986,True
23:10:27:14:58:14,SS_VGG19,4,4,2808.004,11.68,5.53,5.74,0.95,0.0,40.56828193832601,39.97180616740089,2.2731277533039647,8.374449339207048,9310.73127753304,53374.308370044055,0.5,True
23:10:27:14:58:24,SS_EfficientNetB5,4,4,2808.004,11.68,6.5,4.78,0.95,0.0,40.837642585551336,41.02395437262357,1.961977186311787,7.330798479087452,8036.258555133079,46691.28517110266,3.600000000000002,True
23:10:27:14:58:29,SS_EfficientNetB2,4,4,2808.004,11.68,7.45,3.82,0.95,0.0,40.57046263345197,40.69928825622776,1.8362989323843413,6.903914590747331,7521.480427046264,43991.91459074733,1.8000000000000005,True
23:10:27:14:58:31,SS_MobileNet,4,4,2808.004,11.68,7.39,3.88,0.95,0.0,40.66083916083917,40.62762237762239,1.804195804195804,6.783216783216783,7389.986013986014,43222.82517482517,0.5,True
23:10:27:14:58:34,SS_ResNet50V2,4,4,2808.004,11.68,7.16,4.11,0.95,0.0,40.55102040816328,40.57040816326531,2.3401360544217686,10.03061224489796,9585.197278911564,65563.86394557822,0.7999999999999999,True
23:10:27:14:58:41,SS_EfficientNetB4,4,4,2808.004,11.68,7.49,3.78,0.95,0.0,40.070897832817344,40.11950464396283,2.130030959752322,9.185758513931887,8724.606811145512,60108.48297213623,2.900000000000001,False
23:10:27:14:58:47,SS_ConvNeXtTiny,4,4,2808.004,11.68,7.34,3.93,0.95,0.0,39.79426934097422,39.87478510028652,2.464183381088825,11.7134670487106,10093.295128939828,77601.00859598853,2.600000000000001,True
23:10:27:15:00:52,ResNet50,4,4,2808.004,11.68,7.6,3.67,0.95,0.0,38.760000000000005,34.7,0.0,0.0,0.0,0.0,1.0,True
23:10:27:15:00:59,SS_EfficientNetV2B2,4,4,2808.004,11.68,7.65,3.62,0.95,0.0,47.14242424242425,34.58484848484848,0.0606060606060606,2.272727272727273,992.969696969697,20107.636363636364,2.3000000000000007,True
23:10:27:15:01:11,SS_ConvNeXtBase,4,4,2808.004,11.68,7.25,4.02,0.95,0.0,50.59893617021276,36.53617021276601,0.4893617021276595,3.670212765957447,22833.021276595744,47147.57446808511,6.099999999999994,True
23:10:27:15:01:16,SS_EfficientNetV2B0,4,4,2808.004,11.68,7.67,3.61,0.95,0.0,50.97522123893804,36.18495575221243,0.4070796460176991,3.2920353982300883,18993.8407079646,44439.78761061947,1.9000000000000008,True
23:10:27:15:01:22,SS_ResNet101,4,4,2808.004,11.68,7.43,3.85,0.95,0.0,51.179699248120286,36.22105263157899,0.3609022556390977,3.172932330827068,16199.218045112782,41822.31578947369,2.0000000000000004,True
23:10:27:15:01:29,SS_EfficientNetB1,4,4,2808.004,11.68,7.65,3.62,0.95,0.0,51.3516129032258,35.97935483870971,0.7612903225806451,9.148387096774194,29121.23870967742,98673.96129032258,2.2000000000000006,True
23:10:27:15:01:53,SS_ConvNeXtXLarge,4,4,2808.004,11.68,6.28,5.01,0.95,0.0,58.65746268656716,40.373507462686646,0.5149253731343284,6.768656716417911,17392.716417910447,77885.13432835821,11.299999999999976,True
23:10:27:15:01:56,SS_VGG19,4,4,2808.004,11.68,5.49,5.78,0.95,0.0,58.87509157509157,40.60219780219786,0.5054945054945055,6.644688644688645,17074.1684981685,76458.66666666667,0.5,True
23:10:27:15:02:08,SS_EfficientNetB5,4,4,2808.004,11.68,6.36,4.91,0.95,0.0,59.19754601226995,41.76042944785286,0.4233128834355828,5.644171779141105,14298.306748466255,64505.71779141104,5.299999999999997,True
23:10:27:15:02:15,SS_EfficientNetB2,4,4,2808.004,11.68,7.39,3.88,0.95,0.0,59.014121037464,41.46023054755052,0.3976945244956772,5.357348703170029,13432.991354466858,61003.250720461096,2.1000000000000005,True
23:10:27:15:02:16,SS_MobileNet,4,4,2808.004,11.68,7.31,3.96,0.95,0.0,58.882102272727295,41.401136363636446,0.3920454545454545,5.318181818181818,13242.181818181818,60392.72727272727,0.5,True
23:10:27:15:02:20,SS_ResNet50V2,4,4,2808.004,11.68,7.1,4.17,0.95,0.0,58.761049723756926,41.337292817679646,1.1546961325966851,10.447513812154696,22199.86740331492,125233.50276243094,1.0,True
23:10:27:15:02:29,SS_EfficientNetB4,4,4,2808.004,11.68,7.38,3.88,0.95,0.0,58.491116751269054,40.93197969543156,1.0609137055837563,9.695431472081218,20396.832487309646,115696.40609137056,3.200000000000001,False
23:10:27:15:02:34,SS_ConvNeXtTiny,4,4,2808.004,11.68,7.27,4.0,0.95,0.0,57.86769596199527,40.71971496437065,1.0166270783847982,9.147268408551067,19224.931116389547,108762.90736342044,2.700000000000001,True
23:10:27:15:02:46,SS_InceptionResNetV2,4,4,2808.004,11.68,7.2,4.06,0.95,0.0,57.72244008714598,40.51786492374733,0.954248366013072,8.494553376906318,18008.122004357298,100990.04793028322,3.800000000000002,True
23:10:27:15:03:51,SS_VGG16,4,4,2808.004,11.68,6.73,4.56,0.95,0.0,57.670626349892025,40.53995680345579,0.9460043196544276,8.421166306695465,17852.544276457884,100117.5637149028,0.4,True
23:10:27:15:08:57,ResNet50,4,4,2808.004,11.68,7.58,3.68,0.95,0.0,58.96153846153846,34.96923076923076,0.0,1.9230769230769231,0.0,16384.0,1.3,True
23:10:27:15:09:04,SS_EfficientNetV2B2,4,4,2808.004,11.68,7.62,3.66,0.95,0.0,46.769696969696966,34.772727272727266,0.0,1.6666666666666667,0.0,12660.363636363636,2.0000000000000004,True
23:10:27:15:09:16,SS_ConvNeXtBase,4,4,2808.004,11.68,7.28,3.99,0.95,0.0,49.23617021276595,36.484042553191465,0.1276595744680851,1.9148936170212767,1307.2340425531916,31983.659574468085,6.099999999999994,True
23:10:27:15:09:21,SS_EfficientNetV2B0,4,4,2808.004,11.68,7.74,3.54,0.95,0.0,49.77017543859648,36.03596491228068,0.2807017543859649,10.324561403508772,2443.2280701754385,99956.77192982456,2.0000000000000004,True
23:10:27:15:09:28,SS_ResNet101,4,4,2808.004,11.68,7.49,3.78,0.95,0.0,49.30820895522387,36.005223880597,0.4477611940298507,17.70149253731343,3484.6567164179105,160416.4776119403,2.0000000000000004,True
23:10:27:15:09:34,SS_EfficientNetB1,4,4,2808.004,11.68,7.7,3.57,0.95,0.0,47.76447368421052,35.75592105263156,0.3947368421052631,15.697368421052632,3072.0,142012.63157894736,1.8000000000000005,True
23:10:27:15:10:22,SS_ConvNeXtXLarge,4,4,2808.004,11.68,5.76,5.52,0.95,0.49,46.57078189300413,41.43456790123465,0.2469135802469135,9.962962962962964,1921.58024691358,89640.03292181069,9.099999999999984,True
23:10:27:15:10:31,SS_VGG19,4,4,2808.004,11.68,5.51,5.77,0.95,0.49,46.51659919028341,41.61862348178145,0.242914979757085,9.80161943319838,1890.4615384615383,88188.37246963562,0.4,True
23:10:27:15:10:40,SS_EfficientNetB5,4,4,2808.004,11.68,7.77,3.51,0.95,0.49,45.619642857142864,40.76178571428575,0.2285714285714285,8.689285714285715,3423.0857142857144,78087.31428571428,3.3000000000000016,True
23:10:27:15:10:45,SS_EfficientNetB2,4,4,2808.004,11.68,7.87,3.42,0.95,0.49,44.926510067114094,40.26442953020136,176.48322147651007,442.9261744966443,5006164.187919463,3625564.77852349,1.8000000000000005,True
23:10:27:15:10:47,SS_MobileNet,4,4,2808.004,11.68,7.85,3.43,0.95,0.49,44.75478547854786,40.14554455445546,173.57095709570956,435.6798679867987,4923554.217821782,3566223.6303630364,0.5,True
23:10:27:15:10:51,SS_ResNet50V2,4,4,2808.004,11.68,7.57,3.71,0.95,0.49,44.446623794212215,40.01350482315114,341.04501607717043,841.2861736334405,9603183.948553056,6879831.254019293,0.7999999999999999,True
23:10:27:15:10:59,SS_EfficientNetB4,4,4,2808.004,11.68,7.91,3.38,0.95,0.49,43.87181008902076,39.39762611275963,314.73293768545994,776.4154302670623,8862285.483679526,6349310.480712166,2.600000000000001,False
23:10:27:15:11:06,SS_ConvNeXtTiny,4,4,2808.004,11.68,7.81,3.48,0.95,0.49,43.05851648351647,38.94615384615385,440.3626373626374,1075.2527472527472,12319867.78021978,8789925.978021977,2.700000000000001,True
23:10:27:15:11:16,SS_InceptionResNetV2,4,4,2808.004,11.68,7.6,3.69,0.95,0.49,42.60839694656487,38.64427480916027,407.8727735368957,995.944020356234,11410788.96692112,8142577.017811704,2.900000000000001,True
23:10:27:15:11:25,SS_VGG16,4,4,2808.004,11.68,7.1,4.19,0.95,0.49,42.64861460957178,38.66574307304783,403.7632241813602,985.9093198992445,11295818.801007556,8060535.939546599,0.4,True
23:10:27:15:11:36,SS_EfficientNetB0,4,4,2808.004,11.68,7.92,3.37,0.95,0.49,42.22634146341461,38.469268292682905,609.4365853658536,1271.678048780488,15094679.102439024,10394589.03414634,1.3,True
23:10:28:11:14:30,ResNet50,4,4,2808.004,11.68,7.81,3.43,0.95,0.46,38.510000000000005,33.02,0.0,0.0,0.0,0.0,1.0,True
23:10:28:11:15:30,ResNet50,4,4,2808.004,11.68,7.86,3.41,0.95,0.46,42.51818181818182,32.51818181818182,0.0,0.0,0.0,0.0,1.1,True
23:10:28:11:15:36,SS_EfficientNetV2B2,4,4,2808.004,11.68,7.9,3.37,0.95,0.46,42.8,32.403333333333336,0.0,0.6333333333333333,0.0,4369.066666666667,1.9000000000000008,True
23:10:28:11:15:47,SS_ConvNeXtBase,4,4,2808.004,11.68,7.54,3.73,0.95,0.46,40.48192771084339,34.42289156626508,0.0,2.132530120481928,0.0,11350.361445783132,5.299999999999997,True
23:10:28:11:16:32,ResNet50,4,4,2808.004,11.68,7.87,3.4,0.95,0.46,39.38181818181818,32.418181818181814,0.0,0.0,0.0,0.0,1.1,True
23:10:28:11:16:38,SS_EfficientNetV2B2,4,4,2808.004,11.68,7.92,3.36,0.95,0.46,37.17586206896552,32.28275862068966,0.0,1.0,0.0,5932.137931034483,1.8000000000000005,True
23:10:28:11:16:58,SS_ConvNeXtBase,4,4,2808.004,11.68,7.47,3.8,0.95,0.46,36.99390243902438,34.47560975609755,0.0,1.914634146341464,0.0,12387.90243902439,5.299999999999997,True
23:10:28:11:17:04,SS_EfficientNetV2B1,4,4,2808.004,11.68,7.95,3.31,0.95,0.46,37.3949494949495,34.03838383838383,0.0,1.7878787878787878,0.0,11667.39393939394,1.7000000000000004,True
23:10:28:11:17:38,ResNet50,4,4,2808.004,11.68,7.85,3.43,0.95,0.46,39.25,32.67,0.0,0.0,0.0,0.0,1.0,True
23:10:28:11:17:45,SS_EfficientNetV2B2,4,4,2808.004,11.68,7.87,3.38,0.95,0.46,44.566666666666656,32.690000000000005,0.0,0.6,0.0,4096.0,2.0000000000000004,True
23:10:28:11:17:57,SS_ConvNeXtBase,4,4,2808.004,11.68,7.54,3.73,0.95,0.46,47.20322580645163,34.586021505376365,0.1505376344086021,0.5913978494623656,1057.032258064516,4668.559139784947,6.299999999999994,True
23:10:28:11:18:02,SS_EfficientNetV2B1,4,4,2808.004,11.68,7.91,3.35,0.95,0.46,46.19739130434784,34.13478260869565,0.1217391304347826,2.0521739130434784,854.8173913043478,11255.095652173914,2.2000000000000006,True
23:10:28:11:18:06,SS_EfficientNetV2B0,4,4,2808.004,11.68,7.86,3.41,0.95,0.46,45.17692307692309,33.98461538461538,0.123076923076923,2.546153846153846,819.2,48206.769230769234,1.5000000000000002,True
23:10:28:11:18:12,SS_ResNet101,4,4,2808.004,11.68,7.75,3.51,0.95,0.46,44.26216216216218,33.939189189189186,0.1081081081081081,2.371621621621621,719.5675675675676,43229.40540540541,1.8000000000000005,True
23:10:28:11:18:18,SS_EfficientNetB1,4,4,2808.004,11.68,7.69,3.57,0.95,0.46,43.520238095238106,33.94940476190476,0.0952380952380952,2.196428571428572,633.9047619047619,38814.47619047619,2.0000000000000004,True
23:10:28:11:18:42,SS_ConvNeXtXLarge,4,4,2808.004,11.68,6.64,4.63,0.95,0.62,42.72307692307696,36.946558704453466,13.380566801619434,174.6518218623482,195845.18218623483,1558718.7044534413,7.899999999999988,True
23:10:28:11:18:47,SS_VGG19,4,4,2808.004,11.68,5.59,5.64,0.95,0.7,43.12380952380957,37.25079365079367,13.17063492063492,203.53571428571428,192772.0634920635,1772413.9682539685,0.5,True
23:10:28:11:18:58,SS_EfficientNetB5,4,4,2808.004,11.68,7.9,3.34,0.95,0.7,42.77003484320561,36.61742160278747,11.801393728222996,179.17073170731706,173031.0243902439,1558692.12543554,3.5000000000000018,True
23:10:28:11:19:04,SS_EfficientNetB2,4,4,2808.004,11.68,8.01,3.23,0.95,0.7,42.26601307189545,36.300980392156845,11.068627450980392,168.37254901960785,162287.2679738562,1463383.0065359478,1.9000000000000008,True
23:10:28:11:19:06,SS_MobileNet,4,4,2808.004,11.68,7.99,3.25,0.95,0.7,42.20128617363346,36.2273311897106,10.909967845659164,165.66559485530547,159862.53376205786,1439855.9485530546,0.5,True
23:10:28:11:19:10,SS_ResNet50V2,4,4,2808.004,11.68,7.88,3.36,0.95,0.7,42.06187500000002,36.14124999999999,10.640625,161.00625,158156.8,1399360.0,0.8999999999999999,True
23:10:28:11:19:20,SS_EfficientNetB4,4,4,2808.004,11.68,7.89,3.34,0.95,0.7,42.20142857142858,35.79828571428569,9.782857142857145,147.24285714285713,145162.24,1279695.7257142856,3.0000000000000013,False
23:10:28:11:19:27,SS_ConvNeXtTiny,4,4,2808.004,11.68,7.84,3.4,0.95,0.7,41.87606382978724,35.605851063829746,41.40691489361702,306.3324468085106,1925751.829787234,2648172.936170213,2.600000000000001,True
23:10:28:11:19:37,SS_InceptionResNetV2,4,4,2808.004,11.68,7.8,3.45,0.95,0.7,41.28550368550368,35.42088452088451,38.31695331695332,283.029484029484,1780381.248157248,2446690.751842752,3.1000000000000014,True
23:10:28:11:19:40,SS_VGG16,4,4,2808.004,11.68,7.06,4.17,0.95,0.7,41.44355231143551,35.460583941605826,37.98783454987834,280.2749391727494,1763592.097323601,2422878.6763990265,0.4,True
23:10:28:11:19:44,SS_EfficientNetB0,4,4,2808.004,11.68,7.26,3.98,0.95,0.7,41.393632075471686,35.53419811320755,36.84433962264151,271.7122641509434,1709674.2641509434,2348824.150943396,1.3,True
23:10:28:11:20:09,SS_EfficientNetV2L,4,4,2808.004,11.68,7.47,3.77,0.95,0.7,41.69096509240244,35.58542094455857,32.08624229979466,236.6160164271047,1488874.9733059548,2045325.4045174536,6.299999999999994,True
23:10:28:11:20:27,SS_DenseNet201,4,4,2808.004,11.68,7.33,3.91,0.95,0.7,41.37286821705423,35.67228682170545,30.300387596899224,223.4593023255814,1405880.558139535,1931057.6124031008,2.900000000000001,True
23:10:28:11:20:57,SS_ConvNeXtSmall,4,4,2808.004,11.68,7.61,3.63,0.95,0.7,41.35026178010468,35.57923211169283,27.28621291448517,201.3298429319372,1266028.565445026,1739477.5567190228,5.699999999999996,True
23:10:28:11:22:34,ResNet50,4,4,2808.004,11.68,8.08,3.14,0.95,0.7,60.03999999999999,30.706666666666663,2.933333333333333,2.8,12014.933333333332,27852.8,1.5000000000000002,True
23:10:28:11:22:40,SS_EfficientNetV2B2,4,4,2808.004,11.68,8.2,3.04,0.95,0.7,43.6625,30.271875,1.375,1.96875,5632.0,17664.0,1.7000000000000004,True
23:10:28:11:22:55,SS_ConvNeXtBase,4,4,2808.004,11.68,7.8,3.42,0.95,0.7,48.621505376344096,32.245161290322564,0.4946236559139785,1.5161290322580645,2290.2365591397847,12860.559139784946,6.099999999999994,True
23:10:28:11:23:01,SS_EfficientNetV2B1,4,4,2808.004,11.68,8.23,3.02,0.95,0.7,46.53545454545456,31.819090909090903,0.4181818181818181,1.5636363636363635,1936.290909090909,12585.89090909091,1.7000000000000004,True
23:10:28:11:23:06,SS_EfficientNetV2B0,4,4,2808.004,11.68,8.18,3.06,0.95,0.7,45.953600000000016,31.592800000000004,0.368,1.472,1703.936,11665.408,1.5000000000000002,True
23:10:28:11:23:13,SS_ResNet101,4,4,2808.004,11.68,8.06,3.19,0.95,0.7,44.80979020979022,31.586013986013988,0.3216783216783216,1.4405594405594406,1489.4545454545455,11113.622377622378,1.8000000000000005,True
23:10:28:11:23:19,SS_EfficientNetB1,4,4,2808.004,11.68,8.0,3.24,0.95,0.7,43.88765432098767,31.57716049382716,0.2839506172839506,1.3580246913580247,1314.7654320987654,10416.987654320988,1.9000000000000008,True
23:10:28:11:23:52,SS_ConvNeXtXLarge,4,4,2808.004,11.68,6.86,4.42,0.95,0.73,43.53539094650208,34.93744855967074,0.4814814814814814,1.5432098765432098,3775.7366255144034,10181.004115226337,8.099999999999987,True
23:10:28:11:24:00,SS_VGG19,4,4,2808.004,11.68,6.04,5.23,0.95,0.77,43.685020242915,35.15182186234815,0.4736842105263157,1.5182186234817814,3714.591093117409,10016.12955465587,0.4,True
23:10:28:11:24:12,SS_EfficientNetB5,4,4,2808.004,11.68,7.99,3.28,0.95,0.77,46.59251700680275,34.58741496598637,74.41496598639456,73.03061224489795,3391251.156462585,585560.8163265307,4.699999999999999,True
23:10:28:11:24:19,SS_EfficientNetB2,4,4,2808.004,11.68,8.07,3.2,0.95,0.77,46.92861635220128,34.30377358490565,68.80817610062893,67.57861635220125,3135359.1949685533,541805.4842767295,2.400000000000001,True
23:10:28:11:24:21,SS_MobileNet,4,4,2808.004,11.68,7.99,3.28,0.95,0.77,46.96346749226008,34.25913312693497,67.75541795665634,66.53250773993808,3086874.947368421,533418.4024767802,0.5,True
23:10:28:11:24:24,SS_ResNet50V2,4,4,2808.004,11.68,7.96,3.31,0.95,0.77,46.81777108433736,34.206927710843345,65.93373493975903,64.7289156626506,3003959.518072289,518958.265060241,0.8999999999999999,True
23:10:28:11:24:32,SS_EfficientNetB4,4,4,2808.004,11.68,7.88,3.39,0.95,0.77,46.27186629526462,34.034261838440074,60.98885793871866,59.91364902506964,2778092.033426184,480338.7186629527,2.700000000000001,False
23:10:28:11:24:37,SS_ConvNeXtTiny,4,4,2808.004,11.68,7.86,3.4,0.95,0.77,45.64663212435233,33.932124352331584,56.72279792746114,55.7979274611399,2583769.533678757,450305.32642487047,2.700000000000001,True
23:10:28:11:24:48,SS_InceptionResNetV2,4,4,2808.004,11.68,7.84,3.43,0.95,0.77,45.35323741007194,33.843405275779354,110.15827338129496,103.46282973621103,4834900.71942446,840770.3021582734,3.1000000000000014,True
23:10:28:11:24:55,SS_VGG16,4,4,2808.004,11.68,7.01,4.26,0.95,0.77,45.44750593824227,33.900950118764825,109.1163895486936,102.47980997624704,4788982.878859857,832781.9857482185,0.4,True
23:10:28:11:24:59,SS_EfficientNetB0,4,4,2808.004,11.68,7.33,3.94,0.95,0.77,45.50344036697247,34.015137614678885,105.36697247706422,98.99311926605505,4624243.082568808,804431.8532110092,1.5000000000000002,True
23:10:28:11:25:21,SS_EfficientNetV2L,4,4,2808.004,11.68,7.28,3.96,0.95,0.76,49.28781431334624,34.332882011605385,89.25918762088975,83.56866537717602,3902030.235976789,678937.7485493231,8.099999999999987,True
23:10:28:11:25:32,SS_DenseNet201,4,4,2808.004,11.68,7.39,3.88,0.95,0.76,48.72943327239488,34.45100548446068,84.36380255941499,79.0164533820841,3688024.921389397,641956.2705667276,3.0000000000000013,True
23:10:28:11:25:45,SS_ConvNeXtSmall,4,4,2808.004,11.68,7.7,3.56,0.95,0.76,48.13946488294314,34.4153846153846,77.16889632107024,72.30267558528428,3373494.3678929764,587399.2775919732,5.099999999999998,True
23:10:28:11:26:05,SS_EfficientNetB7,4,4,2808.004,11.68,7.43,3.83,0.95,0.76,49.53034379671149,34.52451420029898,72.29745889387145,64.95366218236174,3100665.8774289987,529259.5276532137,7.099999999999991,True
23:10:28:11:26:19,SS_InceptionV3,4,4,2808.004,11.68,7.7,3.57,0.95,0.74,49.561605839416046,34.512992700729974,70.62773722627738,63.51532846715328,3028349.197080292,517770.2773722628,1.6000000000000003,True
23:10:28:11:27:14,ResNet50,4,4,2808.004,11.68,8.34,2.93,0.95,0.74,30.43,28.40000000000001,0.4,2.9,1638.4,340787.2,1.0,True
23:10:28:11:27:21,SS_EfficientNetV2B2,4,4,2808.004,11.68,8.41,2.88,0.95,0.74,37.876666666666665,28.14999999999999,0.6666666666666666,7.733333333333333,3822.933333333333,147729.06666666668,2.0000000000000004,True
23:10:28:11:27:32,SS_ConvNeXtBase,4,4,2808.004,11.68,8.05,3.23,0.95,0.74,41.75340909090909,30.07727272727273,0.25,3.159090909090909,1396.3636363636365,57064.72727272727,5.799999999999995,True
23:10:28:11:27:38,SS_EfficientNetV2B1,4,4,2808.004,11.68,8.44,2.84,0.95,0.74,40.74150943396226,29.687735849056587,0.2075471698113207,2.7830188679245285,1159.245283018868,48456.45283018868,1.8000000000000005,True
23:10:28:11:27:42,SS_EfficientNetV2B0,4,4,2808.004,11.68,8.4,2.87,0.95,0.74,41.04918032786886,29.486065573770485,0.180327868852459,2.5163934426229506,1007.2131147540985,42705.83606557377,1.6000000000000003,True
23:10:28:11:27:49,SS_ResNet101,4,4,2808.004,11.68,8.3,2.98,0.95,0.74,40.91760563380283,29.409154929577475,3.2816901408450705,8.795774647887324,29883.49295774648,104765.2957746479,2.0000000000000004,True
23:10:28:11:27:54,SS_EfficientNetB1,4,4,2808.004,11.68,8.23,3.04,0.95,0.74,40.71552795031056,29.395652173913035,2.8944099378881987,7.832298136645963,26356.869565217392,92910.5093167702,1.9000000000000008,True
23:10:28:11:28:23,SS_ConvNeXtXLarge,4,4,2808.004,11.68,7.11,4.16,0.95,0.8,44.91511627906978,33.1271317829458,119.86434108527132,71.4922480620155,2773500.031007752,680380.527131783,9.699999999999982,True
23:10:28:11:28:30,SS_VGG19,4,4,2808.004,11.68,6.31,4.97,0.95,0.83,45.192775665399246,33.369201520912604,117.58555133079848,70.13307984790875,2720771.8935361216,667445.536121673,0.5,True
23:10:28:11:28:42,SS_EfficientNetB5,4,4,2808.004,11.68,8.26,3.02,0.95,0.82,46.94131147540984,32.76131147540992,105.6655737704918,60.72131147540984,2381105.5213114754,577898.5967213114,4.200000000000001,True
23:10:28:11:28:52,SS_EfficientNetB2,4,4,2808.004,11.68,8.34,2.94,0.95,0.82,47.04346504559271,32.470212765957534,97.95744680851064,56.51063829787234,2207407.854103344,537136.2431610943,2.400000000000001,True
23:10:28:11:28:54,SS_MobileNet,4,4,2808.004,11.68,8.33,2.94,0.95,0.82,46.94955223880598,32.405074626865755,96.20597014925372,55.49850746268657,2167884.417910448,527515.8925373134,0.6,True
23:10:28:11:28:59,SS_ResNet50V2,4,4,2808.004,11.68,8.21,3.06,0.95,0.82,47.863505747126446,32.3324712643679,92.72413793103448,53.793103448275865,2087653.5172413792,509975.5402298851,1.3,True
23:10:28:11:29:08,SS_EfficientNetB4,4,4,2808.004,11.68,8.25,3.02,0.95,0.82,47.19389920424405,32.08673740053058,85.60742705570291,49.74005305039788,1927129.973474801,471311.6180371353,2.900000000000001,False
23:10:28:11:29:16,SS_ConvNeXtTiny,4,4,2808.004,11.68,8.12,3.15,0.95,0.82,48.00559610705598,31.972019464720265,78.78832116788321,45.91240875912409,1768874.0437956203,437385.0316301703,3.4000000000000017,True
23:10:28:11:29:37,SS_InceptionResNetV2,4,4,2808.004,11.68,8.1,3.17,0.95,0.82,47.17836734693877,31.746938775510323,66.08979591836734,38.648979591836735,1483704.9469387757,376046.2367346938,7.899999999999988,True
23:10:28:11:29:47,SS_VGG16,4,4,2808.004,11.68,7.34,3.94,0.95,0.82,47.24808080808081,31.801010101010224,65.42222222222222,38.25858585858586,1468718.0282828284,372247.7898989899,0.5,True
23:10:28:11:29:53,SS_EfficientNetB0,4,4,2808.004,11.68,7.59,3.69,0.95,0.82,47.57413127413126,31.949227799227906,62.81274131274131,36.65250965250965,1404738.223938224,356763.1814671815,2.3000000000000007,True
23:10:28:11:30:18,SS_EfficientNetV2L,4,4,2808.004,11.68,7.76,3.52,0.95,0.82,47.44591836734693,32.09676870748306,55.34353741496599,32.324829931972786,1237563.2108843538,315001.90476190473,6.999999999999991,True
23:10:28:11:30:27,SS_DenseNet201,4,4,2808.004,11.68,7.67,3.61,0.95,0.82,47.157374392220405,32.19222042139388,52.74230145867099,30.88492706645057,1179395.734197731,302772.0713128039,2.900000000000001,True
23:10:28:11:30:40,SS_ConvNeXtSmall,4,4,2808.004,11.68,7.95,3.32,0.95,0.82,47.399999999999984,32.141237113402134,51.87481590574374,28.23269513991164,1130188.3475699555,276296.0117820324,6.199999999999994,True
23:10:28:11:30:55,SS_EfficientNetB7,4,4,2808.004,11.68,7.8,3.47,0.95,0.82,48.10603217158173,32.18887399463816,47.31769436997319,25.873994638069703,1029375.3136729222,253161.3512064343,6.699999999999992,True
23:10:28:11:31:02,SS_InceptionV3,4,4,2808.004,11.68,7.77,3.51,0.95,0.82,48.07918313570484,32.21660079051393,46.5098814229249,25.7364953886693,1011755.1725955204,254761.4861660079,1.3,True
23:10:28:11:31:16,SS_EfficientNetB6,4,4,2808.004,11.68,7.88,3.4,0.95,0.82,47.95877957658777,32.21519302615203,43.961394769613946,24.349937733499377,956316.5330012452,240995.78580323787,4.4,True
23:10:28:11:34:01,ResNet50,4,4,2808.004,11.68,8.27,3.01,0.95,0.81,70.06666666666666,29.03333333333333,1.1333333333333333,3.0,6007.466666666666,33314.13333333333,1.5000000000000002,True
23:10:28:11:34:09,SS_EfficientNetV2B2,4,4,2808.004,11.68,8.36,2.92,0.95,0.81,63.38333333333334,28.69761904761904,0.5,1.7857142857142858,2730.6666666666665,16969.14285714286,2.700000000000001,True
23:10:28:11:34:29,SS_ConvNeXtBase,4,4,2808.004,11.68,7.93,3.34,0.95,0.81,53.76814814814816,30.725185185185204,0.1555555555555555,0.9925925925925926,849.5407407407407,8313.362962962963,9.299999999999985,True
23:10:28:11:34:36,SS_EfficientNetV2B1,4,4,2808.004,11.68,8.4,2.88,0.95,0.81,53.30696202531647,30.32784810126581,0.1329113924050632,1.0379746835443038,725.873417721519,8503.088607594937,2.3000000000000007,True
23:10:28:11:34:43,SS_EfficientNetV2B0,4,4,2808.004,11.68,8.36,2.92,0.95,0.81,54.16557377049182,30.08196721311469,0.4590163934426229,431.2131147540984,4879.3879781420765,46693241.704918034,2.500000000000001,True
23:10:28:11:34:53,SS_ResNet101,4,4,2808.004,11.68,8.13,3.15,0.95,0.81,56.52535211267605,30.138497652582085,0.431924882629108,371.7136150234742,4422.910798122066,40711917.97183099,3.0000000000000013,True
23:10:28:11:35:02,SS_EfficientNetB1,4,4,2808.004,11.68,8.31,2.97,0.95,0.81,58.34367346938775,30.021632653061147,1.1755102040816328,323.2448979591837,7255.771428571428,35395044.83265306,3.200000000000001,True
23:10:28:11:35:57,SS_ConvNeXtXLarge,4,4,2808.004,11.68,6.97,4.31,0.95,0.95,57.097611940298485,32.630447761194,2.435820895522388,237.1880597014925,30811.701492537315,25895269.63582089,8.999999999999984,True
23:10:28:11:36:03,SS_VGG19,4,4,2808.004,11.68,5.84,5.45,0.95,0.95,57.53958944281524,32.93577712609967,2.4222873900293256,233.01466275659823,30918.1935483871,25439634.39296188,0.6,True
23:10:28:11:36:16,SS_EfficientNetB5,4,4,2808.004,11.68,8.24,3.04,0.95,0.95,56.63952254641909,32.58169761273208,2.1909814323607426,210.79575596816977,27965.793103448275,23010602.77984085,3.600000000000002,True
23:10:28:11:36:21,SS_EfficientNetB2,4,4,2808.004,11.68,8.38,2.9,0.95,0.95,55.6310606060606,32.37601010101008,2.0984848484848486,200.729797979798,26706.74747474748,21906931.07070707,1.9000000000000008,True
23:10:28:11:36:23,SS_MobileNet,4,4,2808.004,11.68,8.3,2.98,0.95,0.95,55.42094763092269,32.33167082294261,2.0723192019950125,198.2718204488778,26373.745635910225,21634124.608478803,0.5,True
23:10:28:11:36:28,SS_ResNet50V2,4,4,2808.004,11.68,8.26,3.02,0.95,0.95,55.12554744525547,32.25766423357663,68.4647201946472,504.1897810218978,874839.8248175182,45979388.88564477,1.0,True
23:10:28:11:36:37,SS_EfficientNetB4,4,4,2808.004,11.68,8.3,2.97,0.95,0.95,53.99130434782607,32.05446224256292,64.45080091533181,474.2608695652174,823296.0,43244391.68878719,2.600000000000001,False
23:10:28:11:36:44,SS_ConvNeXtTiny,4,4,2808.004,11.68,8.16,3.12,0.95,0.95,53.295032397408185,31.93952483801296,60.892008639308855,447.7192224622031,777311.101511879,40817042.52267819,2.600000000000001,True
23:10:28:11:37:06,SS_InceptionResNetV2,4,4,2808.004,11.68,8.0,3.21,0.95,0.95,53.35619999999998,31.914400000000004,58.912,414.702,748519.424,37797433.344,3.700000000000002,True
23:10:28:11:37:18,SS_VGG16,4,4,2808.004,11.68,7.21,4.01,0.95,0.95,53.742716535433054,32.014173228346465,58.003937007874015,408.1712598425197,736828.4724409449,37202198.173228346,0.7999999999999999,True
23:10:28:11:37:24,SS_EfficientNetB0,4,4,2808.004,11.68,7.87,3.33,0.95,0.95,53.73409090909088,32.08446969696969,56.33901515151515,392.8238636363636,713060.8484848485,35793815.27272727,2.0000000000000004,True
23:10:28:11:37:49,SS_EfficientNetV2L,4,4,2808.004,11.68,7.66,3.55,0.95,0.95,52.88988195615511,32.25109612141658,208.6762225969645,567.8988195615515,3584290.10455312,49143751.01517706,6.499999999999993,True
23:10:28:11:37:59,SS_DenseNet201,4,4,2808.004,11.68,8.07,3.14,0.95,0.95,52.03679999999997,32.227360000000026,198.0048,538.9168,3401324.9536,46628141.4656,3.200000000000001,True
23:10:28:11:38:11,SS_ConvNeXtSmall,4,4,2808.004,11.68,7.83,3.39,0.95,0.95,51.11748148148149,32.28533333333338,183.33777777777777,499.07851851851854,3149374.957037037,43174617.694814816,4.999999999999998,True
23:10:28:11:38:29,SS_EfficientNetB7,4,4,2808.004,11.68,7.8,3.41,0.95,0.95,50.68990450204639,32.32551159618008,168.83083219645297,459.6261937244202,2900174.7557980902,39758602.12824011,5.799999999999995,True
23:10:28:11:38:34,SS_InceptionV3,4,4,2808.004,11.68,8.02,3.19,0.95,0.95,50.42018716577543,32.325267379679126,165.4558823529412,450.4331550802139,2842081.882352941,38961501.09090909,1.5000000000000002,True
23:10:28:11:38:45,SS_EfficientNetB6,4,4,2808.004,11.68,7.73,3.49,0.95,0.95,50.06713021491786,32.371428571428545,156.4968394437421,426.0214917825537,2687737.203539823,36844093.49178255,4.300000000000001,True
23:10:28:11:38:52,SS_EfficientNetB3,4,4,2808.004,11.68,7.99,3.23,0.95,0.95,49.68819188191885,32.34120541205412,152.2619926199262,414.53751537515376,2615006.307503075,35847394.71586716,2.2000000000000006,True
23:10:28:11:39:26,SS_EfficientNetV2M,4,4,2808.004,11.68,7.71,3.51,0.95,0.94,49.20618436406072,32.41353558926485,144.4492415402567,393.3372228704784,2480766.058343057,34017522.55775963,4.4,False
23:10:28:11:39:35,SS_DenseNet121,4,4,2808.004,11.68,7.68,3.53,0.95,0.94,48.96605714285719,32.44811428571426,141.48,385.52342857142855,2429742.518857143,33497035.33714286,1.8000000000000005,True
23:10:28:11:40:09,SS_ResNet152,4,4,2808.004,11.68,7.68,3.54,0.95,0.94,48.62533185840715,32.5118362831858,136.94137168141592,373.17699115044246,2351797.238938053,32422652.60176992,2.900000000000001,True
23:10:28:11:41:04,ResNet50,4,4,2808.004,11.68,7.32,3.89,0.95,0.94,40.15179372197316,33.542227204783025,93.90732436472346,252.68011958146488,1598704.3109118086,21997603.970104635,1.0,True
23:10:28:11:41:10,SS_EfficientNetV2B2,4,4,2808.004,11.68,7.8,3.42,0.95,0.94,40.37330508474583,33.571610169491294,88.86299435028249,239.00776836158192,1511606.2372881356,20787155.88700565,2.1000000000000005,True
23:10:28:11:41:21,SS_ConvNeXtBase,4,4,2808.004,11.68,7.4,3.82,0.95,0.94,40.21777777777783,33.839492063491875,164.09777777777776,298.9155555555556,2986413.1047619046,25906490.026666667,5.399999999999997,True
23:10:28:11:41:27,SS_EfficientNetV2B1,4,4,2808.004,11.68,7.78,3.44,0.95,0.94,40.09842233009715,33.91990291262123,156.82888349514562,285.751213592233,2854126.601941748,24759698.640776698,2.3000000000000007,True
23:10:28:11:41:32,SS_EfficientNetV2B0,4,4,2808.004,11.68,7.74,3.48,0.95,0.94,40.24402110199306,33.91430246189906,151.58616647127783,276.09085580304804,2757650.0070339977,23918267.87338804,1.7000000000000004,True
23:10:28:11:41:39,SS_ResNet101,4,4,2808.004,11.68,7.49,3.71,0.95,0.94,41.01715083798895,33.98106145251385,218.63798882681564,337.21564245810055,4060630.239106145,29148049.59106145,2.1000000000000005,True
23:10:28:11:41:44,SS_EfficientNetB1,4,4,2808.004,11.68,7.43,3.79,0.95,0.94,40.99567801188561,34.050891410048536,211.4349000540249,326.15451107509455,3926824.7995678014,28187864.86007564,1.8000000000000005,True
23:10:28:11:42:25,SS_ConvNeXtXLarge,4,4,2808.004,11.68,6.23,4.99,0.95,0.95,40.36318939717837,36.73839247541687,178.34972210346302,260.5044890979051,3512690.373663959,22321913.32364258,9.79999999999998,True
23:10:28:11:42:39,SS_VGG19,4,4,2808.004,11.68,5.51,5.71,0.95,0.95,39.85938882187386,37.664012866907896,172.20948934459187,245.05790108564537,3765821.555287495,20993894.42058705,0.6,True
23:10:28:11:42:50,SS_EfficientNetB5,4,4,2808.004,11.68,5.62,5.6,0.95,0.95,39.87997716025897,38.36280928816146,163.9836315188428,232.09554625047585,3658616.740007613,19876329.19680244,3.700000000000002,True
23:10:28:11:42:57,SS_EfficientNetB2,4,4,2808.004,11.68,7.67,3.54,0.95,0.95,39.84649705014759,38.352101769911606,159.09402654867256,224.85066371681413,3571130.525073746,19254424.920353983,2.3000000000000007,True
23:10:28:11:42:59,SS_MobileNet,4,4,2808.004,11.68,7.66,3.56,0.95,0.95,39.799488304093664,38.31838450292407,157.80811403508773,222.88559941520467,3552378.760233918,19085610.29239766,0.6,True
23:10:28:11:43:04,SS_ResNet50V2,4,4,2808.004,11.68,7.48,3.73,0.95,0.95,40.03475151948527,38.27057561673233,217.1072577761888,267.5620307472292,5304861.837683232,22748944.56632106,1.2,True
23:10:28:11:43:14,SS_EfficientNetB4,4,4,2808.004,11.68,7.22,4.0,0.95,0.95,40.601751373626456,38.23313873626381,208.8070054945055,257.0412087912088,5096913.582417582,21851021.362637363,2.800000000000001,False
23:10:28:11:43:22,SS_ConvNeXtTiny,4,4,2808.004,11.68,7.35,3.85,0.95,0.95,40.612856196156464,38.22117296222672,666.6756129887343,248.032140490391,16477836.129887342,21084129.463220675,3.4000000000000017,True
23:10:28:11:43:36,SS_InceptionResNetV2,4,4,2808.004,11.68,7.12,4.1,0.95,0.95,40.51299968523773,38.238180673591565,634.3053194837897,235.68870003147623,15660400.407932011,20030304.45325779,3.1000000000000014,True
23:10:28:11:43:46,SS_VGG16,4,4,2808.004,11.68,6.37,4.84,0.95,0.95,39.97883323152116,38.43011606597451,621.6597434331094,228.71136224801467,15436906.966401955,19436924.32498473,0.4,True
23:10:28:11:43:50,SS_EfficientNetB0,4,4,2808.004,11.68,6.61,4.6,0.95,0.95,39.87877784467195,38.506080674292754,613.116195063215,225.44099939795305,15224638.420228776,19156489.555689342,1.3,True
23:10:28:11:44:15,SS_EfficientNetV2L,4,4,2808.004,11.68,7.01,4.18,0.95,0.95,39.91042067638162,38.53390156722611,568.7385207588673,205.96783062963985,14120722.089634314,17497754.430574648,7.499999999999989,True
23:10:28:11:44:25,SS_DenseNet201,4,4,2808.004,11.68,7.47,3.74,0.95,0.95,39.6030666666666,38.48464000000025,553.0834666666667,199.8117333333333,13703167.1808,16970833.92,2.700000000000001,True
23:10:28:11:44:39,SS_ConvNeXtSmall,4,4,2808.004,11.68,7.25,3.96,0.95,0.95,39.70630882727031,38.45469346222358,773.1228694988553,226.1137115237853,19259129.422538795,19095505.892648183,5.1999999999999975,True
23:10:28:11:44:59,SS_EfficientNetB7,4,4,2808.004,11.68,7.1,4.11,0.95,0.95,40.13595800524919,38.48422810785036,961.283703173467,245.42925316153665,23896267.04080172,20636794.410880458,7.39999999999999,True
23:10:28:11:45:05,SS_InceptionV3,4,4,2808.004,11.68,6.98,4.23,0.95,0.95,40.48937617260769,38.505792682927066,945.2600844277672,241.26008442776737,23531748.38273921,20284042.326454032,1.6000000000000003,True
23:10:28:11:45:18,SS_EfficientNetB6,4,4,2808.004,11.68,6.89,4.32,0.95,0.95,40.47670954637762,38.58713608666243,910.2816519972918,232.18144888287068,22723306.21891221,19519678.887835704,4.200000000000001,True
23:10:28:11:45:25,SS_EfficientNetB3,4,4,2808.004,11.68,7.4,3.81,0.95,0.95,40.36108527131766,38.5598228128463,894.0451827242525,227.87286821705428,22318386.179402,19156625.49191584,2.400000000000001,True
23:10:28:11:45:44,SS_EfficientNetV2M,4,4,2808.004,11.68,7.07,4.13,0.95,0.95,41.0666243923059,38.555907841894125,856.3477066159375,217.53244557176072,21318063.37433946,18283012.437116887,4.999999999999998,False
23:10:28:11:45:52,SS_DenseNet121,4,4,2808.004,11.68,7.13,4.07,0.95,0.95,41.219172699069134,38.5730713547056,847.9859358841778,323.1867631851086,20903711.71540848,25497554.677145813,3.0000000000000013,True
23:10:28:11:46:06,SS_ResNet152,4,4,2808.004,11.68,7.07,4.13,0.95,0.95,41.39428114377109,38.60183963207383,823.2297540491902,312.58108378324334,20227838.20835833,24654890.79464107,3.4000000000000017,True
23:10:28:11:55:44,SS_EfficientNetV2B2,4,4,2808.004,11.68,8.44,2.76,0.95,0.87,37.68095238095238,27.48571428571429,0.8571428571428571,2.095238095238096,20284.95238095238,15993.90476190476,2.1000000000000005,True
23:10:28:11:56:06,SS_EfficientNetV2B0,4,4,2808.004,11.68,8.38,2.82,0.95,0.87,42.0135135135135,27.76756756756757,0.4864864864864865,1.5135135135135136,11513.081081081082,12177.297297297297,1.6000000000000003,True
23:10:28:11:56:32,SS_EfficientNetV2L,4,4,2808.004,11.68,7.88,3.32,0.95,0.87,44.64117647058824,30.546078431372543,0.1764705882352941,0.7450980392156863,4176.313725490196,6184.156862745098,6.499999999999993,True
23:10:28:11:56:58,SS_EfficientNetB4,4,4,2808.004,11.68,7.72,3.48,0.95,0.87,46.85555555555554,31.29629629629628,0.1333333333333333,1.0444444444444445,3155.437037037037,8495.407407407407,3.3000000000000016,False
23:10:28:11:57:11,SS_EfficientNetB5,4,4,2808.004,11.68,8.05,3.14,0.95,0.87,49.12737430167597,31.156424581005588,0.1005586592178771,1.23463687150838,2379.7988826815645,8786.94972067039,4.4,True
23:10:28:11:57:19,SS_VGG19,4,4,2808.004,11.68,7.14,4.04,0.95,0.89,49.46630434782606,31.36195652173914,0.0978260869565217,1.201086956521739,2315.1304347826085,8548.173913043478,0.5,True
23:10:28:11:57:39,SS_Xception,4,4,2808.004,11.68,7.41,3.77,0.95,0.89,49.26994818652848,31.62435233160621,0.0932642487046632,1.145077720207254,2207.1709844559587,8149.554404145078,0.8999999999999999,True
23:10:28:11:57:59,SS_ResNet152,4,4,2808.004,11.68,7.91,3.27,0.95,0.89,48.96651785714284,31.696874999999988,0.0803571428571428,1.2946428571428572,1901.7142857142856,9106.285714285714,3.1000000000000014,True
23:10:28:11:58:32,SS_ResNet152V2,4,4,2808.004,11.68,7.6,3.58,0.95,0.89,48.39322709163345,32.08645418326693,0.0717131474103585,1.203187250996016,1697.1474103585658,8583.649402390438,2.700000000000001,True
23:10:28:11:58:44,SS_ResNet101,4,4,2808.004,11.68,7.98,3.2,0.95,0.89,50.4884476534296,32.07328519855598,0.0649819494584837,1.144404332129964,1537.8483754512636,8280.72202166065,2.600000000000001,True
23:10:28:11:59:09,SS_ResNet101V2,4,4,2808.004,11.68,7.77,3.41,0.95,0.89,50.055932203389816,32.20271186440681,0.0610169491525423,1.240677966101695,1444.013559322034,9080.62372881356,1.8000000000000005,True
23:10:28:11:59:15,SS_ResNet50V2,4,4,2808.004,11.68,7.99,3.18,0.95,0.89,50.38935483870967,32.223870967741966,54.57096774193548,35.90967741935484,906775.1225806453,2409954.270967742,1.5000000000000002,True
23:10:28:11:59:39,SS_NASNetMobile,4,4,2808.004,11.68,7.91,3.27,0.95,0.89,49.966285714285725,32.18771428571437,48.385714285714286,31.9,805858.7428571428,2135396.9371428574,4.000000000000002,True
23:10:28:12:00:33,SS_NASNetLarge,4,4,2808.004,11.68,7.68,3.5,0.95,0.89,49.95555555555559,32.397037037037066,41.82469135802469,28.14814814814815,697088.6320987655,2674283.456790124,5.4999999999999964,True
23:10:28:12:00:36,SS_MobileNet,4,4,2808.004,11.68,7.69,3.48,0.95,0.89,49.92408759124092,32.43065693430661,41.21411192214112,27.778588807785887,686912.1557177616,2635621.527980536,0.6,True
23:10:28:12:00:48,SS_MobileNetV2,4,4,2808.004,11.68,7.55,3.62,0.95,0.89,50.49431279620858,32.50426540284365,40.139810426540286,27.113744075829384,669006.8625592417,2567308.739336493,1.1,True
23:10:28:12:00:57,SS_InceptionV3,4,4,2808.004,11.68,7.51,3.66,0.95,0.89,50.61487414187647,32.61533180778036,38.76201372997712,26.21052631578948,646043.2402745995,2479448.457665904,1.5000000000000002,True
23:10:28:12:01:16,SS_InceptionResNetV2,4,4,2808.004,11.68,7.77,3.4,0.95,0.89,52.08226804123716,32.6868041237114,70.1979381443299,51.78144329896907,1165628.701030928,6181235.595876289,4.799999999999999,True
23:10:28:12:02:03,SS_EfficientNetV2M,4,4,2808.004,11.68,7.69,3.5,0.95,0.89,46.590887290167885,33.23657074340536,40.97362110311751,31.123501199040767,681979.0887290168,3810267.165467626,4.999999999999998,False
23:10:28:12:02:50,SS_EfficientNetV2L,4,4,2808.004,11.68,7.32,3.87,0.95,0.93,40.75876470588254,34.85400000000002,20.33176470588236,714.01,335587.68941176473,23339597.70352941,7.599999999999989,True
23:10:28:12:03:08,SS_EfficientNetV2B3,4,4,2808.004,11.68,7.76,3.43,0.95,0.92,41.830360623781765,35.007894736842,18.89522417153996,1014.770955165692,290526.56530214427,49599652.67836257,3.800000000000002,True
23:10:28:12:03:49,SS_EfficientNetV2B2,4,4,2808.004,11.68,7.68,3.51,0.95,0.92,39.77591036414578,34.80423669467797,13.723039215686274,729.5840336134454,210546.73389355745,35640672.08963586,2.2000000000000006,True
23:10:28:12:03:56,SS_EfficientNetV2B1,4,4,2808.004,11.68,7.67,3.5,0.95,0.92,40.144663108739294,34.7852568378921,13.573382254836558,695.0860573715811,244703.8932621748,33953074.03869246,2.3000000000000007,True
23:10:28:12:04:01,SS_EfficientNetV2B0,4,4,2808.004,11.68,7.64,3.54,0.95,0.92,40.242667958656455,34.77577519379862,13.150839793281651,673.2367571059432,237352.35142118865,32880128.661498707,1.7000000000000004,True
23:10:28:12:04:17,SS_EfficientNetB7,4,4,2808.004,11.68,7.13,4.06,0.95,0.92,41.194534883721005,34.987238372093216,17.725872093023256,810.9162790697675,320694.176744186,39765351.59069768,5.4999999999999964,True
23:10:28:12:04:29,SS_EfficientNetB6,4,4,2808.004,11.68,7.56,3.63,0.95,0.92,41.78242113777308,35.04184416284721,16.4435157724454,752.1725532488541,297448.6708007549,36881779.88676193,4.899999999999999,True
23:10:28:12:04:40,SS_EfficientNetB5,4,4,2808.004,11.68,7.29,3.9,0.95,0.92,41.8436137861126,35.10088697415098,236.5810947795236,707.0141915864166,5605471.497212367,34666856.19057273,3.700000000000002,True
23:10:28:12:04:48,SS_EfficientNetB4,4,4,2808.004,11.68,7.57,3.62,0.95,0.92,41.8084264205926,35.08992229237508,226.7015541525012,750.5665371539583,5371350.970373968,41191611.74162215,3.200000000000001,False
23:10:28:12:04:55,SS_EfficientNetB3,4,4,2808.004,11.68,7.53,3.65,0.95,0.92,41.80756934649746,35.091278796427055,526.9485190409026,726.5970850963798,12611697.617301363,39875191.39445228,2.2000000000000006,True
23:10:28:12:05:00,SS_EfficientNetB2,4,4,2808.004,11.68,7.46,3.72,0.95,0.92,41.79501714285716,35.107451428571586,512.3773714285715,706.5513142857143,12262905.329371428,38772782.57737143,1.9000000000000008,True
23:10:28:12:05:07,SS_EfficientNetB1,4,4,2808.004,11.68,7.64,3.56,0.95,0.92,41.62682493898381,35.09875748835155,497.4384291102729,685.8979365431551,11904181.080097623,37637541.23274906,2.1000000000000005,True
23:10:28:12:05:11,SS_EfficientNetB0,4,4,2808.004,11.68,7.61,3.58,0.95,0.92,41.57563263525306,35.08992146596871,489.08267888307154,674.3922338568935,11704219.923211168,37005529.80104712,1.3,True
23:10:28:12:05:37,SS_ConvNeXtTiny,4,4,2808.004,11.68,7.29,3.9,0.95,0.92,40.98400702987691,35.17061120874852,437.871314196446,603.8310876781878,10477427.22749463,33126264.22651826,3.3000000000000016,True
23:10:28:12:05:50,SS_ConvNeXtSmall,4,4,2808.004,11.68,7.1,4.11,0.95,0.93,41.49765552889047,35.36581133468754,413.9540335979325,571.98689311427,9904959.75189219,31323710.286874656,5.399999999999997,True
23:10:28:12:07:38,SS_ConvNeXtLarge,4,4,2808.004,11.68,6.94,4.33,0.95,0.95,39.78553343004071,38.051127522088805,641.2291968877753,411.3639720427272,15768533.597784515,22808924.53540815,7.19999999999999,True
23:10:28:12:09:25,SS_ResNet50,4,4,2808.004,11.68,6.77,4.5,0.95,0.94,37.70315115197822,38.75421014567511,594.180597169129,322.5259840892654,14619849.647277612,17871563.92189276,1.4,True
23:10:28:12:12:22,SS_ResNet50,4,4,2808.004,11.68,8.24,3.02,0.95,0.92,41.82727272727272,29.34545454545454,0.0,0.0,0.0,0.0,1.1,False
23:10:28:12:13:34,SS_ResNet50,4,4,2808.004,11.68,8.23,3.04,0.95,0.92,41.2090909090909,29.318181818181824,0.0,0.1818181818181818,0.0,7447.272727272727,1.1,False
23:10:28:12:18:58,SS_ResNet50,4,4,2808.004,11.68,8.28,3.0,0.95,0.92,38.04,28.920000000000005,0.6,0.0,3276.8,0.0,1.0,False
23:10:28:12:20:12,SS_ResNet50,4,4,2808.004,11.68,8.16,3.1,0.95,0.92,60.31666666666666,29.950000000000003,0.0,0.0,0.0,0.0,1.2,False
23:10:28:12:20:32,SS_ResNet50,4,4,2808.004,11.68,8.03,3.23,0.95,0.92,53.34545454545455,30.427272727272733,0.0,0.9090909090909092,0.0,5585.454545454545,1.0,False
23:10:28:12:21:06,SS_ResNet50,4,4,2808.004,11.68,8.24,3.02,0.95,0.92,51.07272727272728,30.02727272727273,0.0,0.6060606060606061,0.0,3723.636363636364,1.1,False
23:10:28:12:21:40,SS_ResNet50,4,4,2808.004,11.68,8.14,3.12,0.95,0.92,52.25454545454546,30.05227272727272,0.0,0.4545454545454545,0.0,2792.7272727272725,1.1,False
23:10:28:12:26:29,SS_ResNet50,4,4,2808.004,11.68,8.17,3.09,0.95,0.91,49.8388888888889,30.042592592592587,0.0,0.3703703703703703,0.0,2275.555555555556,1.0,False
23:10:28:12:26:39,SS_ResNet50,4,4,2808.004,11.68,8.21,3.04,0.95,0.91,50.76060606060608,29.951515151515142,0.0,0.4848484848484848,0.0,3227.151515151515,1.2,False
23:10:28:12:28:30,SS_ResNet50,4,4,2808.004,11.68,8.16,3.09,0.95,0.91,50.02337662337664,29.99090909090909,0.0,0.4155844155844156,0.0,2766.12987012987,1.1,False
23:10:28:12:28:52,SS_ResNet50,4,4,2808.004,11.68,8.08,3.17,0.95,0.91,49.087356321839096,30.101149425287343,0.0,0.367816091954023,0.0,2448.183908045977,1.0,False
23:10:28:12:30:39,SS_ResNet50,4,4,2808.004,11.68,8.33,2.94,0.95,0.91,48.62959183673472,29.986734693877526,0.0,0.3265306122448979,0.0,2173.387755102041,1.1,False
23:10:28:12:30:58,SS_ResNet50,4,4,2808.004,11.68,8.23,3.03,0.95,0.91,48.362962962963,29.95555555555553,0.0,0.2962962962962963,0.0,1972.148148148148,1.0,False
23:10:28:12:31:43,SS_ResNet50,4,4,2808.004,11.68,8.1,3.16,0.95,0.91,48.00252100840339,30.02857142857141,18.907563025210084,64.17647058823529,260956.50420168068,517541.6470588236,1.1,False
23:10:28:12:32:01,SS_ResNet50,4,4,2808.004,11.68,8.36,2.9,0.95,0.91,47.73488372093027,29.94186046511628,17.441860465116278,59.201550387596896,240727.31782945737,477422.1395348837,1.0,False
23:10:28:12:32:45,SS_ResNet50,4,4,2808.004,11.68,8.18,3.08,0.95,0.91,48.11560283687946,29.96453900709221,15.95744680851064,54.26241134751773,220239.8865248227,437313.3617021277,1.2,False
23:10:28:12:33:32,SS_ResNet50,4,4,2808.004,11.68,8.11,3.16,0.95,0.91,47.98750000000003,30.03815789473685,14.802631578947368,50.33552631578947,204301.47368421053,405665.6842105263,1.1,False
23:10:28:12:34:13,SS_ResNet50,4,4,2808.004,11.68,7.99,3.27,0.95,0.91,47.6871165644172,30.174233128834366,13.803680981595091,46.938650306748464,190514.25766871165,378289.4723926381,1.1,False
23:10:28:12:34:33,SS_ResNet50,4,4,2808.004,11.68,8.31,2.94,0.95,0.91,47.52873563218393,30.11149425287357,12.93103448275862,43.97126436781609,178470.2528735632,354374.6206896552,1.1,False
23:10:28:12:35:15,SS_ResNet50,4,4,2808.004,11.68,8.22,3.04,0.95,0.91,47.324864864864885,30.10864864864865,12.16216216216216,41.43243243243244,167858.5081081081,333702.22702702705,1.1,False
23:10:28:12:35:41,SS_ResNet50,4,4,2808.004,11.68,8.08,3.18,0.95,0.91,47.186666666666696,30.16769230769232,23.512820512820515,94.47179487179488,321693.53846153844,784751.5897435897,1.0,False
23:10:28:12:39:50,SS_ResNet50,4,4,2808.004,11.68,8.3,2.96,0.95,0.91,46.80242718446603,30.12669902912623,22.25728155339806,89.42718446601941,304515.7281553398,742847.3786407767,1.1,False
23:10:28:12:40:04,SS_ResNet50,4,4,2808.004,11.68,8.01,3.25,0.95,0.91,46.6082949308756,30.183410138248856,21.12903225806452,85.02764976958525,289079.4470046083,705720.0368663594,1.1,False
23:10:28:12:40:26,SS_ResNet50,4,4,2808.004,11.68,7.87,3.39,0.95,0.91,46.63333333333336,30.29473684210527,20.109649122807017,80.92543859649123,275132.63157894736,671672.1403508772,1.1,False
23:10:28:13:40:09,SS_ResNet50,4,4,2808.004,11.68,8.01,3.24,0.95,0.87,58.29285714285716,31.545238095238087,0.0,2.619047619047619,0.0,13458.285714285714,4.200000000000001,NotImplemented
23:10:28:14:10:36,SS_ResNet50,4,4,2808.004,11.68,8.11,3.15,0.95,0.86,60.97674418604651,30.57441860465116,0.1395348837209302,0.0,762.046511627907,0.0,4.300000000000001,NotImplemented
23:10:28:14:12:00,SS_ResNet50,4,4,2808.004,11.68,8.07,3.18,0.95,0.86,57.533333333333324,30.9761904761905,0.0,1.1666666666666667,0.0,14433.52380952381,4.200000000000001,NotImplemented
